{
    "indexId": 11,
    "name": "jingles",
    "fileCompression": "gzip",
    "fileExtension": ".ogg",
    "format": 5,
    "version": 0,
    "settings": 0,
    "crc": 1726495087,
    "sha256": "9a5693a514d32f5430e8cb50b4b2d048d056f8459494e9ed6865bcfe8b21ef45",
    "files": {
        "0": {
            "file": "0.ogg",
            "crc": 849292223,
            "sha256": "c3a1266f35c610f2988addb602788a6a7721c8dff52f62efdbaab9c518054877",
            "version": 1
        },
        "1": {
            "file": "1.ogg",
            "crc": 2122893238,
            "sha256": "25dbb0eaadee49748f9849fd782dbbdb2edbd4a3efc98a1fcc95ae163b497d02",
            "version": 1
        },
        "2": {
            "file": "2.ogg",
            "crc": 1265929847,
            "sha256": "52104f79d93bb9ffc932f3bd1a5dc6220c6468efc570f43dabbb587e129eb98d",
            "version": 1
        },
        "3": {
            "file": "3.ogg",
            "crc": -1492015598,
            "sha256": "1dd858a5cd0a5bb73fdd59d96e2ca30cdd8337514f731540491f4d6669bfe09f",
            "version": 1
        },
        "4": {
            "file": "4.ogg",
            "crc": 28234705,
            "sha256": "c7c4543acb889ea88f7c8b0c46cd292939b4f334d56935f5f7c6a7d8fea8a327",
            "version": 1
        },
        "5": {
            "file": "5.ogg",
            "crc": 246039488,
            "sha256": "9228808259f818a1db3e9a7de3f322dbd1e7ae44dc56d72c99129e5406e5014d",
            "version": 1
        },
        "6": {
            "file": "6.ogg",
            "crc": 1809712177,
            "sha256": "4c0c3dec9c715e6c310bbafc93bfef9e8ffc8228862fddb8d2e68db1912af601",
            "version": 1
        },
        "7": {
            "file": "7.ogg",
            "crc": 830726371,
            "sha256": "3c255151117f5a3cfea1e2c71a137fffe528d82fa3406a00bdd634a9cacb7154",
            "version": 1
        },
        "8": {
            "file": "8.ogg",
            "crc": 325370074,
            "sha256": "c921b995da7ff16c3508407bff2c58a788f9c648d3c823953e30581f0c3c49aa",
            "version": 1
        },
        "9": {
            "file": "9.ogg",
            "crc": -1424616426,
            "sha256": "0cba015f391350a086541533be60914510905c0caf9c28cccd6877eacd693c9a",
            "version": 1
        },
        "10": {
            "file": "10.ogg",
            "crc": -47778391,
            "sha256": "7b76bc1b238f57cdef3e82880f195773d766f903a2a8b572af460bb1577534d7",
            "version": 1
        },
        "11": {
            "file": "11.ogg",
            "crc": 937288675,
            "sha256": "26f491efa7a41340bc2ed0bb1880a83b67756ed64e4f9f5c911ce84b9ad8b28b",
            "version": 1
        },
        "12": {
            "file": "12.ogg",
            "crc": 162393559,
            "sha256": "e2cb647a1cfea975dba4a06f97329674baed318577dc64ad890b056aed9a5a97",
            "version": 1
        },
        "13": {
            "file": "13.ogg",
            "crc": -85074778,
            "sha256": "2338a037e5f4d8eb38693d813fbd61a67fc76868b30df55940149fb8deb7f249",
            "version": 2
        },
        "14": {
            "file": "14.ogg",
            "crc": -600817040,
            "sha256": "d2fdc72257a65ea76e6a3cac15d215f91e4a3d155c4867ce23c295155a4d1693",
            "version": 2
        },
        "15": {
            "file": "15.ogg",
            "crc": -2014191261,
            "sha256": "78491f3a692a18c1206163340beb372817cad3cf160cbbc451231d1a7f592069",
            "version": 1
        },
        "16": {
            "file": "16.ogg",
            "crc": -2116571008,
            "sha256": "3f809a12734fda3a6a37645358a00a32179eea6bf393d8b86ce14b3b34befe0a",
            "version": 1
        },
        "17": {
            "file": "17.ogg",
            "crc": -1574842357,
            "sha256": "d01b5974bba15ae395406783c0a6b23f5c62feb29b1b765a06f50fa98dcd1f08",
            "version": 1
        },
        "18": {
            "file": "18.ogg",
            "crc": -861583301,
            "sha256": "ffaa4d4d1a7963aa08a4cfa6c69288a7374b816f1bd4719952cd244cf89f4fe2",
            "version": 1
        },
        "19": {
            "file": "19.ogg",
            "crc": 1769117405,
            "sha256": "aaf7a838007a34d2a1c33308c47f077b8dab4f2d028ea9b7b1c4e6addc51762f",
            "version": 1
        },
        "20": {
            "file": "20.ogg",
            "crc": 1820859777,
            "sha256": "fdddebe4d79d61af98b0c4e728ef6fa28c96139b87e1057031262f18bd98e76f",
            "version": 1
        },
        "21": {
            "file": "21.ogg",
            "crc": 1263094429,
            "sha256": "da640ce5f383270692aad74f77721f88766eb3ead3a5ff659f7b355e0cadf2b5",
            "version": 1
        },
        "22": {
            "file": "22.ogg",
            "crc": -650224803,
            "sha256": "e733362a9f741d73a6cbf2796536da833581cecb274a60653ce725df9b7fb722",
            "version": 1
        },
        "23": {
            "file": "23.ogg",
            "crc": 1049874088,
            "sha256": "bdcf35fe93c4a19ec09d2cce17095361b7373d453cc79be5a3dff0ea04553f5b",
            "version": 1
        },
        "24": {
            "file": "24.ogg",
            "crc": -1735261545,
            "sha256": "f8411152275362b035809cd7ac557a2fca307ccc1f6636cc6370a06630ff2735",
            "version": 1
        },
        "25": {
            "file": "25.ogg",
            "crc": -1324887103,
            "sha256": "fe7227dd46d794be8de17378103862e2837f6102da64fa58df5db7f1365d4815",
            "version": 1
        },
        "26": {
            "file": "26.ogg",
            "crc": -418490708,
            "sha256": "309cef50426031ae28cc46c6d8ca776517d116a7eb06659e1e2cf9c6f0948a8b",
            "version": 1
        },
        "27": {
            "file": "27.ogg",
            "crc": 466158291,
            "sha256": "96b6feecab595b58c36845cbf8f1c9dc615feb404ada86afbb7dca290b60f149",
            "version": 2
        },
        "28": {
            "file": "28.ogg",
            "crc": -1602800213,
            "sha256": "ecfe538ed1680d73fa87ca7b47725ddd2b1eb6a9b1caa4d28032a34873c5d5af",
            "version": 1
        },
        "29": {
            "file": "29.ogg",
            "crc": -954305419,
            "sha256": "a0fbdcd2a066e9e0b047ea13a9eba59fab99215245f53e87e773d89bede60c66",
            "version": 1
        },
        "30": {
            "file": "30.ogg",
            "crc": 890696254,
            "sha256": "a925b9056477ff1786227ea65d0bb7b5cbc4ff20799d1316040b910a4fb8815c",
            "version": 1
        },
        "31": {
            "file": "31.ogg",
            "crc": -1381152266,
            "sha256": "3b3401f786ed856aa41411c68866820e8bc38495a04de110f7cfbad88c161ef6",
            "version": 1
        },
        "32": {
            "file": "32.ogg",
            "crc": -1148376680,
            "sha256": "ac24024a893b597c21c44029e8ff26a6a4c0dd56377e64696d8efa88c99c7d6c",
            "version": 1
        },
        "33": {
            "file": "33.ogg",
            "crc": -1210039427,
            "sha256": "b15ed68faa83fafcc88f90a829b614f9cea4d6ac637a7ab89620062c1e2ce6f5",
            "version": 1
        },
        "34": {
            "file": "34.ogg",
            "crc": -2036771810,
            "sha256": "1858e234f759b27dd5815a05bfbacf61411b80dfa9f3550a328439e8f5317693",
            "version": 1
        },
        "35": {
            "file": "35.ogg",
            "crc": 1240130821,
            "sha256": "d9451596f968c909adc37fb72b3c64b2612c76b08dc3fa14dbec6e6ba4d25ec6",
            "version": 1
        },
        "36": {
            "file": "36.ogg",
            "crc": -1252189222,
            "sha256": "11fa717e68012369be763c73a0e3d500debd7986af7499a0cd53019c54d9f6ff",
            "version": 1
        },
        "37": {
            "file": "37.ogg",
            "crc": -428789967,
            "sha256": "a36830edeb59e992ad99180992932bfe61d302e1c1bf539265619f40cf512b72",
            "version": 1
        },
        "38": {
            "file": "38.ogg",
            "crc": 1626507290,
            "sha256": "3fc3c9c807e55394fe6c3af31fe2b83e74edd32378ec676306a090f8a74b4e62",
            "version": 1
        },
        "39": {
            "file": "39.ogg",
            "crc": -1732265717,
            "sha256": "52ac987a2668c924eeff0ffb9759290e39aa026496326d3c07d3e7d3c389f5d9",
            "version": 1
        },
        "40": {
            "file": "40.ogg",
            "crc": 2011825278,
            "sha256": "fca18170e337f320412294daf2bd5d12916ef060576b3e3045608555e75d8a18",
            "version": 1
        },
        "41": {
            "file": "41.ogg",
            "crc": 171721463,
            "sha256": "24b124bb34b85e487018507deb1e64dd53e09c250675e5809204e9ee03ed950c",
            "version": 1
        },
        "42": {
            "file": "42.ogg",
            "crc": 1618703117,
            "sha256": "a7ed0e5e2be4ef285a10b8153fc2e9c74c4db354c1d3da8280ccedd9550ebe4e",
            "version": 1
        },
        "43": {
            "file": "43.ogg",
            "crc": -830760275,
            "sha256": "260a4f6da4ec0b0a5baf3c329e14250d87c6e82e81b52c024b18cfbe794aba23",
            "version": 1
        },
        "44": {
            "file": "44.ogg",
            "crc": 2134192119,
            "sha256": "6cef24a5803a2fe79146ffa59a63dcf7ca3352723fe33733a621b50a86c7fb23",
            "version": 1
        },
        "45": {
            "file": "45.ogg",
            "crc": -1307600158,
            "sha256": "b08f785ba66d0dbf8e70119e74bd27634957dd244f02e40135685c194bd81967",
            "version": 1
        },
        "46": {
            "file": "46.ogg",
            "crc": -431516427,
            "sha256": "fec593336dcf765612be91f37587ec94b52c94b6ba3bc910aa851ad18bb22a88",
            "version": 1
        },
        "47": {
            "file": "47.ogg",
            "crc": 399916944,
            "sha256": "37959c3ec59f4a8cb5fc394dd4a95ac2f309dc8836d6c727285af6aef43dab68",
            "version": 1
        },
        "48": {
            "file": "48.ogg",
            "crc": 465621234,
            "sha256": "65be267932947f765e825a11c92155e0bb663f43b044e400f3d505ca277c540e",
            "version": 1
        },
        "49": {
            "file": "49.ogg",
            "crc": 1445094656,
            "sha256": "c501d9253aa36d9e63db72df6496a2af14772be1c680cd1f44347dcec08bdd8f",
            "version": 1
        },
        "50": {
            "file": "50.ogg",
            "crc": 777176079,
            "sha256": "ddaca6c2141e85826e8fd282ce10f60d99c9d2b42f88797f39b371f6877e596b",
            "version": 1
        },
        "51": {
            "file": "51.ogg",
            "crc": 1813408522,
            "sha256": "b2c8de062c439c8642c34c3cadc9393621e83ba10c1c02567717082a412dd637",
            "version": 1
        },
        "52": {
            "file": "52.ogg",
            "crc": 1213830499,
            "sha256": "0d473370c2a633047b9ecb05b20a21614f3178bcbef545f06bd337a1913afe58",
            "version": 1
        },
        "53": {
            "file": "53.ogg",
            "crc": 2033693426,
            "sha256": "94bb3a423535df081eec3dda7aeb686500b67bbf090544af395a8687957390d3",
            "version": 1
        },
        "54": {
            "file": "54.ogg",
            "crc": -1517151551,
            "sha256": "8076be32824d32e541197de7a47c07663c6129a1eac1bd8bed26e9d764c06986",
            "version": 1
        },
        "55": {
            "file": "55.ogg",
            "crc": 1774561144,
            "sha256": "9990f9796f37b1bcaf090f52256f76315d1ce195807a91474f790b8d2b302e73",
            "version": 1
        },
        "56": {
            "file": "56.ogg",
            "crc": 1758869464,
            "sha256": "fa981bec7e6134cddccf8ba6785aec5967e5a246143c4780bf60d2d127671358",
            "version": 1
        },
        "57": {
            "file": "57.ogg",
            "crc": 146851785,
            "sha256": "f55a0b66bcc66f0f932333c305fc484d3c0051e4d3323473441580bead1a2999",
            "version": 1
        },
        "58": {
            "file": "58.ogg",
            "crc": -1176212822,
            "sha256": "9c0baf4b8c4a32d2f3dab996f3db2a1411b661fd8021392f4b4518e442f93d3e",
            "version": 1
        },
        "59": {
            "file": "59.ogg",
            "crc": 622369582,
            "sha256": "4d33ae319442991c1b015819696d5950e1e450f3a880f92f86d4ecc112f9d512",
            "version": 1
        },
        "60": {
            "file": "60.ogg",
            "crc": -1166691249,
            "sha256": "5ed6039182a956831c9aadc95001a5fdc3b29ef1d2d22aacf9c345204fcb131e",
            "version": 1
        },
        "61": {
            "file": "61.ogg",
            "crc": -1957630102,
            "sha256": "c2186e9127b7f07e483ad6eadc9668be8e8c02128144bddeb5035c7fbdd804ad",
            "version": 1
        },
        "62": {
            "file": "62.ogg",
            "crc": -934948609,
            "sha256": "c3e006fbc5bed925c7030ba3a193f7cbf0f6ad98039d9daf181e03ad8fe8b594",
            "version": 1
        },
        "63": {
            "file": "63.ogg",
            "crc": 1782471581,
            "sha256": "588ff58729a42063020f9939234cc3123111b7f8116941d3a9734f2710a1ecb1",
            "version": 1
        },
        "64": {
            "file": "64.ogg",
            "crc": 2036932628,
            "sha256": "177183ed960b9f3c22669a9d612541f1a8c053e1011cafd5a3bb3592ba76f907",
            "version": 1
        },
        "65": {
            "file": "65.ogg",
            "crc": -423935365,
            "sha256": "9f888339a7f039c1784b452b26eb08170a9f6b5e646b0ecc88365abd6cb59672",
            "version": 1
        },
        "66": {
            "file": "66.ogg",
            "crc": 2084537792,
            "sha256": "a8a12adc1a2ab633eae98e870e098ee57e86d1fab3f55747b922f67e80efb69f",
            "version": 1
        },
        "67": {
            "file": "67.ogg",
            "crc": -151336326,
            "sha256": "1477cbb37af4e810df6e5389fb15e13487cd722a490bc4fa1351b93c148e12de",
            "version": 1
        },
        "68": {
            "file": "68.ogg",
            "crc": 2034336695,
            "sha256": "bf2eb96dd500ebeab11075c3e5109585ab844445d29ef24381b189d1a5553898",
            "version": 1
        },
        "69": {
            "file": "69.ogg",
            "crc": 1511562920,
            "sha256": "003e3ec820be612506cc2d98de2dabbaba184211d63925f1e40f88d0e0da20c7",
            "version": 1
        },
        "70": {
            "file": "70.ogg",
            "crc": 1835379897,
            "sha256": "b3fcf58d58fe1cb57c7e3bc2b9a41074bf185f19cf4decfa4789cdf14efb2d2b",
            "version": 1
        },
        "71": {
            "file": "71.ogg",
            "crc": -1495290904,
            "sha256": "928922c3b271c0dd718df0db0ea2346dca7a6546502e7542b5d9d47537e4ce11",
            "version": 1
        },
        "72": {
            "file": "72.ogg",
            "crc": -1340132707,
            "sha256": "f9da79a2a14fe036639ed25dba63e71c81c0b05bfd706620b83b3e87e1537835",
            "version": 1
        },
        "73": {
            "file": "73.ogg",
            "crc": 1139645611,
            "sha256": "e9f2ece5c311d5a923526ccab81ff4e27a29cd0220c74bb3034d7d65550c9bd7",
            "version": 1
        },
        "74": {
            "file": "74.ogg",
            "crc": 705404577,
            "sha256": "e49e8c156da2f2a78aae146da3d65bcdb9246dc6576103c183e7c8a843134a93",
            "version": 1
        },
        "75": {
            "file": "75.ogg",
            "crc": 667893868,
            "sha256": "7ebaaa2911d4b782f2cbb46fe2db507d0c1641b0c37ccd06d716555fd7782b54",
            "version": 1
        },
        "76": {
            "file": "76.ogg",
            "crc": 382306473,
            "sha256": "ee8f5620d5aac0956ec5b8cebb98410a1b61788893dab6a0ef7089771903b4b8",
            "version": 1
        },
        "77": {
            "file": "77.ogg",
            "crc": -1868792346,
            "sha256": "c9e09dafb991c5f5358a22a62ca07e09167278b99c00ffa9364340071e2b0389",
            "version": 1
        },
        "78": {
            "file": "78.ogg",
            "crc": 2111134490,
            "sha256": "947f10b7f0647991d8fd706e9bdfcb9bd4056144623f8e139c68d0659ca51b7a",
            "version": 1
        },
        "79": {
            "file": "79.ogg",
            "crc": -2090332213,
            "sha256": "3fbf3714fc89eb81ec1a11cbbc840431d7e0f504181cf76d7cd5602c636717f7",
            "version": 1
        },
        "80": {
            "file": "80.ogg",
            "crc": 808027643,
            "sha256": "4882f9b6e88a93bdb4acc5a4dede2d0d56d9e17accc94798fffd39f5b64faf4f",
            "version": 1
        },
        "81": {
            "file": "81.ogg",
            "crc": 1641454001,
            "sha256": "3daa72cc1d0d7d52ed1c1a55bb8a725c4c0a0bb60b9f4540a9fbe10a3b4764ca",
            "version": 1
        },
        "82": {
            "file": "82.ogg",
            "crc": 415025187,
            "sha256": "eba3d7f2ae390189128e627c6e65f5c3ebf6faab66cdc8b476ccb244aa0a6d83",
            "version": 1
        },
        "83": {
            "file": "83.ogg",
            "crc": 522929589,
            "sha256": "e5388d1870eaefc397453ff4ec7afb037f1225737c2b7e1ebdf97d1dd21f72eb",
            "version": 1
        },
        "84": {
            "file": "84.ogg",
            "crc": -1000351556,
            "sha256": "c21d83c88090264aae59454119add67404538388d5ce60102743fc5023b8e663",
            "version": 1
        },
        "85": {
            "file": "85.ogg",
            "crc": 1417823549,
            "sha256": "793d71dfd147663cebc42582573d37405c036393dc29a3f87b1c7edb6c6ca79b",
            "version": 1
        },
        "86": {
            "file": "86.ogg",
            "crc": 1364595674,
            "sha256": "9ceec9d7713e125f601979a59fca7e65432cceec65437a0c7eb31127acc7aa8c",
            "version": 1
        },
        "87": {
            "file": "87.ogg",
            "crc": -1661451054,
            "sha256": "5ec5a39ce063ff9ff1074c7338692dc4b63c5973d0c72af48335ad3db46e763d",
            "version": 1
        },
        "88": {
            "file": "88.ogg",
            "crc": -776674926,
            "sha256": "097143dc3f383e63b2725ee6256ff717793c184d65fdd3967a944cba14746d33",
            "version": 1
        },
        "89": {
            "file": "89.ogg",
            "crc": 919031448,
            "sha256": "3b2caaba6c5788c875f8e1b1a21385341341041c93e505d0f5312d36c3f952cd",
            "version": 1
        },
        "90": {
            "file": "90.ogg",
            "crc": 69335160,
            "sha256": "4d01194b75b5ba10ea07f4ab81ef62c052c7c510df773ffc9e8cf48f6762c480",
            "version": 1
        },
        "91": {
            "file": "91.ogg",
            "crc": -1093511583,
            "sha256": "904299624f25b503f1d0f0f60e0d30cf9871f9b5810707da235a280931bea04f",
            "version": 1
        },
        "92": {
            "file": "92.ogg",
            "crc": -1851933637,
            "sha256": "edda211de18047b372b2d55e30e592e1f968d621d9808bb8dc3c44e295d37702",
            "version": 1
        },
        "93": {
            "file": "93.ogg",
            "crc": -2005724355,
            "sha256": "21f858b334a356758b5054a150b1cbb4cac313cf01badbe52c057ef389caef05",
            "version": 1
        },
        "94": {
            "file": "94.ogg",
            "crc": 717181009,
            "sha256": "d86c72ce7c462fc0a2dfc3cfdaad926acaf5916eb8ba83840bd8e2e11a06a346",
            "version": 1
        },
        "95": {
            "file": "95.ogg",
            "crc": 1606435908,
            "sha256": "7e4c0355acf82810b68c76137aa7ef766123a7022e208c1209a42976e5ec77b9",
            "version": 1
        },
        "96": {
            "file": "96.ogg",
            "crc": -200276987,
            "sha256": "6a5f3560c3ca734c78e730f26a042dab1dfcfe9c41d7038fe9a0b1d57eb8d89e",
            "version": 1
        },
        "97": {
            "file": "97.ogg",
            "crc": -1192464623,
            "sha256": "df02b9e0db6788bfe5e8ddd817f9c2a9e5b8cd22bdedcf1fe9fc67639146c22e",
            "version": 1
        },
        "98": {
            "file": "98.ogg",
            "crc": 872493916,
            "sha256": "b89a198eeea8e6015d3d83980fde08942f45e6772ff9dc2ec791677ea2fe097f",
            "version": 1
        },
        "99": {
            "file": "99.ogg",
            "crc": -1862304118,
            "sha256": "ea1456b83d2c968655a8c1dfee826db51e6efc8d827d04c32db5aebacba8d8a5",
            "version": 1
        },
        "100": {
            "file": "100.ogg",
            "crc": 1989385204,
            "sha256": "beb6b6c0593944d5edce2be73a5c12b6ff37c49092c1027d95722cf82f460f5e",
            "version": 1
        },
        "101": {
            "file": "101.ogg",
            "crc": -397419278,
            "sha256": "c2780e722423095b2eedb761ae19569cd6ee49909b8097cffcb19e3b8d2755e4",
            "version": 1
        },
        "102": {
            "file": "102.ogg",
            "crc": 1222966666,
            "sha256": "f2cb7d68da35ae04af88646fbd2b8717db28b59af84c56be2b34571fc497c989",
            "version": 1
        },
        "103": {
            "file": "103.ogg",
            "crc": -476319251,
            "sha256": "89b8b575b27a8c2c059a96ed58878fbeb53c432058c515a625f1a0807fd15463",
            "version": 2
        },
        "104": {
            "file": "104.ogg",
            "crc": 757124365,
            "sha256": "1ca04d6d5aab7c60a80c47fa75e4cc9aad91df7c7c925d543858d5c73f701c57",
            "version": 1
        },
        "105": {
            "file": "105.ogg",
            "crc": 1914108862,
            "sha256": "78107b65e297c5203f0a30623aeeb1ee30b6d40742e923f6c78dde4e327394ed",
            "version": 1
        },
        "106": {
            "file": "106.ogg",
            "crc": -1515762832,
            "sha256": "f67f5c7c6c89682634a6778a1d776486a043dc0db7c857e01a01b5c1831bd05f",
            "version": 1
        },
        "107": {
            "file": "107.ogg",
            "crc": 378424534,
            "sha256": "94b6e7f64c302986661631a0fd150865eb0e823c134704de0dfc0e6f39d299b4",
            "version": 1
        },
        "108": {
            "file": "108.ogg",
            "crc": 1507917851,
            "sha256": "02edd5d1424f3d846ae6b866125140dd4c01bf4bd06fe733e66bfbc0fb9ddb36",
            "version": 1
        },
        "109": {
            "file": "109.ogg",
            "crc": 260932739,
            "sha256": "cbf7ba5f55de1734d34095cdabbf7d01d8dddd553dfb56a575b6e06629330a80",
            "version": 1
        },
        "110": {
            "file": "110.ogg",
            "crc": -924399668,
            "sha256": "d1f842ca7986d4eb478660a6aa5a7bd551bc2d15975600fc597c304cf7922308",
            "version": 1
        },
        "111": {
            "file": "111.ogg",
            "crc": 169950250,
            "sha256": "e23d3429b7ca57783d1f90f682bd6fabf2ab235152fd247f4f250122e4579d6d",
            "version": 2
        },
        "112": {
            "file": "112.ogg",
            "crc": -72576787,
            "sha256": "ab9b964793db1450b763514e7671d7b9fdf381725f00820bb1b6ac6465bfa368",
            "version": 2
        },
        "113": {
            "file": "113.ogg",
            "crc": 786258942,
            "sha256": "7918c195b4c2109427af60dc3b8e4de358228bb8c507900fc8863127bccf3a9d",
            "version": 1
        },
        "114": {
            "file": "114.ogg",
            "crc": -1920122780,
            "sha256": "8e7f28348e69f0328c359dfc5e89c80c1b0d36d1270ecc02beececc93c04b5fd",
            "version": 1
        },
        "115": {
            "file": "115.ogg",
            "crc": -817153084,
            "sha256": "2741ebf0b1c2ac6b6007463adfd3f7fba9ca297f4e473b57428880e2733a93f2",
            "version": 1
        },
        "117": {
            "file": "117.ogg",
            "crc": -475188836,
            "sha256": "1b03ab7d22d2342ae19c0d2442dd8930032c8b8d43e49469ebb85e34b9a0bca9",
            "version": 1
        },
        "119": {
            "file": "119.ogg",
            "crc": -1645238458,
            "sha256": "d4018e89e094b0104b0e0a4449b904d5d8c83ccd2b1371710305f21e31162be2",
            "version": 1
        },
        "120": {
            "file": "120.ogg",
            "crc": -1813881456,
            "sha256": "bd0f74439849318ddd559556df353178fe113d858ba15db2213a4208c4b4c782",
            "version": 1
        },
        "121": {
            "file": "121.ogg",
            "crc": 776037468,
            "sha256": "c9535d95e9a88653ba90e24d30dad82bc1833ca647e321d53d220497e989daf8",
            "version": 1
        },
        "122": {
            "file": "122.ogg",
            "crc": -929363635,
            "sha256": "09f09a3832396730ab9b2b1d2a878afae5ef679d89ad366c5bec2bc92afb8149",
            "version": 1
        },
        "123": {
            "file": "123.ogg",
            "crc": -750068675,
            "sha256": "767756897d4617a293fc43d5988b54e9411a4f3468cac18e08632dd9bd54f82c",
            "version": 1
        },
        "124": {
            "file": "124.ogg",
            "crc": 1038928666,
            "sha256": "ef7014f91ba9a2c51be3f9f8a776cdd0d36e215a661dfafc0cc64ad0254de6e0",
            "version": 1
        },
        "125": {
            "file": "125.ogg",
            "crc": -492294335,
            "sha256": "4579d31f8cb28217f648a68d6795ead98bb2923745d6d433170e71302f10e6c1",
            "version": 1
        },
        "126": {
            "file": "126.ogg",
            "crc": -1497922011,
            "sha256": "5784e22a1afbd37c8b1f327a1482ad0f2d84fb5850efc75fd2b4846687b3615c",
            "version": 1
        },
        "127": {
            "file": "127.ogg",
            "crc": -232561293,
            "sha256": "64e382e8de752c5ea79f6c8a01b151e072a58f85e40a7b0eb27f89d5ccf12766",
            "version": 1
        },
        "128": {
            "file": "128.ogg",
            "crc": -1510394393,
            "sha256": "7d3237d0bcd47b5203d47516caff467f37de2209c6929f9a6348806a383d6146",
            "version": 1
        },
        "129": {
            "file": "129.ogg",
            "crc": -537651962,
            "sha256": "c114189b58bc1789ff8c2bc17c734e65c41cbb4a8051ef9ed7072008b4ef209b",
            "version": 1
        },
        "130": {
            "file": "130.ogg",
            "crc": -313000132,
            "sha256": "80b26d1533aa0bafabbc78c69a1b8cda1afa1ebc86e5e6ebb1907eaf8ac6bd7d",
            "version": 1
        },
        "131": {
            "file": "131.ogg",
            "crc": -1021462932,
            "sha256": "7331ec4b3f1a7f03f1bba9c95084c4c231261de3f0b00042a72b947f9d56407c",
            "version": 1
        },
        "132": {
            "file": "132.ogg",
            "crc": -1349577941,
            "sha256": "4660b5daec7a865b445bfaf00de9e03f6015071747cfe1ee0ded06947a9af1af",
            "version": 1
        },
        "133": {
            "file": "133.ogg",
            "crc": 133957220,
            "sha256": "78fdd9508f41b14b11e68398a1116ac3d264d288e31b13f1f34579cde7ab2eb1",
            "version": 1
        },
        "134": {
            "file": "134.ogg",
            "crc": 1847768144,
            "sha256": "9b3ab9d8a8794ef79752ab0a6f33bfb417aa2640e937e22032ec003078fcd6cc",
            "version": 1
        },
        "135": {
            "file": "135.ogg",
            "crc": 2112610365,
            "sha256": "57597571c963fa08e0aa5550fcd78731737ef92a20013c9d2d7c5e99807510f2",
            "version": 1
        },
        "136": {
            "file": "136.ogg",
            "crc": 29528604,
            "sha256": "cd713fc26c5cc58642118c02195cb3649e1e92849ab1d08abfcef00095927647",
            "version": 1
        },
        "137": {
            "file": "137.ogg",
            "crc": -2090518648,
            "sha256": "1061e3ef6d8e0fab027b90a34c263c45df4b52d16536c4484115a123b9bcf813",
            "version": 1
        },
        "138": {
            "file": "138.ogg",
            "crc": -1435059925,
            "sha256": "8566d4ad0988a8b7ac31c8abdf00d3104dc45b1464f432384e56b1ede51cca12",
            "version": 1
        },
        "139": {
            "file": "139.ogg",
            "crc": 2072140195,
            "sha256": "5c1e48113e60e35e4bad7a9a267d2672c461a908f37ac575c49b60df95313593",
            "version": 1
        },
        "140": {
            "file": "140.ogg",
            "crc": -1658486248,
            "sha256": "eb692782fd3306e938bdf4d2db6c7410f68fbeb1f04a14e62e35be47b8683883",
            "version": 1
        },
        "141": {
            "file": "141.ogg",
            "crc": -1483678698,
            "sha256": "34ef5e273c38e20858a2ddd5aa661679fe962d10724f6ea6748ff838b3748356",
            "version": 1
        },
        "142": {
            "file": "142.ogg",
            "crc": 1298018843,
            "sha256": "a9e90ce5ab6ac343f8e3f800074831bc3495b41e625bc506b02b90c403d8dc3d",
            "version": 2
        },
        "143": {
            "file": "143.ogg",
            "crc": 157186896,
            "sha256": "9797ff6e2ee1f5940c95d8f68d0e740972019f4f482a08cd2e0c86272c893614",
            "version": 1
        },
        "144": {
            "file": "144.ogg",
            "crc": -707919724,
            "sha256": "7d5ac21504dab422fd53c8769969afcaed08e3060de2831a7ec50ca3332cc9cf",
            "version": 1
        },
        "145": {
            "file": "145.ogg",
            "crc": -24210138,
            "sha256": "9dfbdc1efa25fcb92b74b36580fe774d4ad7f2dba668f28fc8abdaf6e9e00292",
            "version": 1
        },
        "146": {
            "file": "146.ogg",
            "crc": 813741579,
            "sha256": "2d63659276e0d543093f47b72db4c41052530e9033a88f0d0817af0085e1dfc5",
            "version": 1
        },
        "147": {
            "file": "147.ogg",
            "crc": 1259968577,
            "sha256": "aa4a72be67f93bf9822946ff82d15b28ff84b8d162ca9e8191f2b2c90532beff",
            "version": 1
        },
        "148": {
            "file": "148.ogg",
            "crc": -605274570,
            "sha256": "5f9e9c93488d1275ce23a31cd01a85bf833c63855830ad10e28d7906a2eb079c",
            "version": 1
        },
        "149": {
            "file": "149.ogg",
            "crc": 618958476,
            "sha256": "88b124a87d90c4408e55d3ff8e77bb25cb7713dfda6252ba584e47f3876410de",
            "version": 1
        },
        "150": {
            "file": "150.ogg",
            "crc": -55574071,
            "sha256": "48f7a06dfbc40a9f47d5f7c0f66f15818986cb153d143de0ed1bc4c8d4cf7430",
            "version": 1
        },
        "151": {
            "file": "151.ogg",
            "crc": 170559224,
            "sha256": "12756c5dcda44d0a003462a8bb607895cfbd86659bc096b6ca306bdf2da9165b",
            "version": 1
        },
        "152": {
            "file": "152.ogg",
            "crc": 297774013,
            "sha256": "5a863d5d2406c83835cf030ffb51b5d817883cb439bcdf0d4e833d57ceda0863",
            "version": 1
        },
        "153": {
            "file": "153.ogg",
            "crc": -941483149,
            "sha256": "dcf3d7d1e17778c1b64cce6a2be1341bb39afc987fcc5e9aaf172d635e9473ae",
            "version": 1
        },
        "154": {
            "file": "154.ogg",
            "crc": -610010596,
            "sha256": "1c2668674377a40508a2f39f54022c33dbf4d59b1c407e0381fd3756826f87a6",
            "version": 1
        },
        "155": {
            "file": "155.ogg",
            "crc": -2005595123,
            "sha256": "e4d4241b4f6dc10b95663a38df6aa6bc5e388ac4d09260e4b49b3586c87c62d3",
            "version": 1
        },
        "156": {
            "file": "156.ogg",
            "crc": -2036005105,
            "sha256": "d2a2a5ef75cf25d9408c6630aa9a69cde7879512e4c62d2a04198f2d0841d44c",
            "version": 1
        },
        "157": {
            "file": "157.ogg",
            "crc": 221662209,
            "sha256": "620c7c398876f08ee6a3c69a4e29e061a0f0cd52af54e5db7ebc19a99168e556",
            "version": 1
        },
        "158": {
            "file": "158.ogg",
            "crc": 2002204828,
            "sha256": "df75e80700f75ff125c2e427c5469596714990022c3ccb323519ad1b5a31647a",
            "version": 1
        },
        "159": {
            "file": "159.ogg",
            "crc": -1418961941,
            "sha256": "97b2af222f4538493ee2b05a691ee6fa5702f34e984bcf8ba73da9bcfb038edc",
            "version": 1
        },
        "160": {
            "file": "160.ogg",
            "crc": 236540294,
            "sha256": "63a1dd63681640f2bd127454d3ab16b9725419b6c2ee278746798af68dfed237",
            "version": 1
        },
        "161": {
            "file": "161.ogg",
            "crc": 1630846473,
            "sha256": "9d8d8510e302aadc46895aa2c232e5e1cd205c3658cba4cba33cdbb18e9856f8",
            "version": 1
        },
        "162": {
            "file": "162.ogg",
            "crc": -104972473,
            "sha256": "76a22bacf78c5de9dc8c32e83ff6935a3a8760b6c5e47bcc0ea70ffd15a95b9a",
            "version": 1
        },
        "163": {
            "file": "163.ogg",
            "crc": 216257128,
            "sha256": "40de1afad872dc4d1170825bc415dc346dcf206ec96920290a9ac1eed1c3f619",
            "version": 1
        },
        "164": {
            "file": "164.ogg",
            "crc": -1761546427,
            "sha256": "52a0a6ce05d12481c99a5a809ecf4b0d0657fa3271086f388da8ce729a27a6a9",
            "version": 1
        },
        "165": {
            "file": "165.ogg",
            "crc": 1503029605,
            "sha256": "a093c5e6dce43094ed63343d38437e11fc28b434cb815270927143e93401779a",
            "version": 1
        },
        "166": {
            "file": "166.ogg",
            "crc": 830830944,
            "sha256": "ba75354cc4f6e26e37a9e504a27a05972c4d8f24dd711a1204c5dd71ca6332fc",
            "version": 1
        },
        "167": {
            "file": "167.ogg",
            "crc": 790594438,
            "sha256": "92ab38aaf49efc4667a4475df0e73201298ca0e1f600172491f04f9ceb5aefd9",
            "version": 1
        },
        "168": {
            "file": "168.ogg",
            "crc": -948611746,
            "sha256": "46ac915ee8ddef4151022edc78bba196b43d817cf2a7ffa5cca43a0be937042a",
            "version": 1
        },
        "169": {
            "file": "169.ogg",
            "crc": -1792264589,
            "sha256": "49e41ac62384245732016c303503365d93bd90336319263a724b8aa153a8f863",
            "version": 1
        },
        "170": {
            "file": "170.ogg",
            "crc": -2092854637,
            "sha256": "722a9126ee6acbf499d3a46ab96fbabaaf89b470276dc270ea3ad98b157a5cf6",
            "version": 1
        },
        "171": {
            "file": "171.ogg",
            "crc": 2072256409,
            "sha256": "0d284699e141c2dbcce1b0c2dc11c5bd3099a7fa0be235103473b0438252de9d",
            "version": 1
        },
        "172": {
            "file": "172.ogg",
            "crc": 1957249191,
            "sha256": "aeb28a3fe4a037670ec95f4ead1e990a181a5ce4778b51bf1ef6140c48089109",
            "version": 1
        },
        "173": {
            "file": "173.ogg",
            "crc": -1904585272,
            "sha256": "0affbccae565db7ab3c251f9e7739ea899a2a9fe58566a796bdc94629b7a7e4c",
            "version": 1
        },
        "174": {
            "file": "174.ogg",
            "crc": 2046097965,
            "sha256": "c72f80a9d9fcae569e578533f03042a6f18c14dd29a63748d508192c2dfa444e",
            "version": 1
        },
        "175": {
            "file": "175.ogg",
            "crc": 700839967,
            "sha256": "14788ea241929abcab9864bf23ed27cd7e2078a3dcf49932ed02f295596e3cac",
            "version": 1
        },
        "176": {
            "file": "176.ogg",
            "crc": -1809430425,
            "sha256": "5713bd30efdabaf3b6c988f7103936b045e04333b40edb7183b2b6ec724115ec",
            "version": 1
        },
        "177": {
            "file": "177.ogg",
            "crc": 852231110,
            "sha256": "09a912cf51097a3935314cd26555e9f1d4e80e17f4a66de8b4cbfa9d4ab99840",
            "version": 1
        },
        "178": {
            "file": "178.ogg",
            "crc": 855494582,
            "sha256": "4fdf5116b4425f72815817e96a136046edb35649be5d7d07d3690bf326a70b4a",
            "version": 1
        },
        "179": {
            "file": "179.ogg",
            "crc": -1274309355,
            "sha256": "a891e77571154643bf4df1839a38e2b68855d134727c61a86845c171ba64f553",
            "version": 1
        },
        "180": {
            "file": "180.ogg",
            "crc": -1876292681,
            "sha256": "5cc6faa06fd231fcc8174ecfedb13ad582da5a6691ec8f6edff3c4f45e492222",
            "version": 1
        },
        "181": {
            "file": "181.ogg",
            "crc": -1730850921,
            "sha256": "e2d8975b550c77e951b9bf0cf8fee3bf33218a97a6ffbf355927ad8fb3d8409a",
            "version": 1
        },
        "182": {
            "file": "182.ogg",
            "crc": 1979140966,
            "sha256": "5b02ceadf8d555f7465e3c8e8c525556e38da7cae9439e23ef05da9a2cffc02a",
            "version": 1
        },
        "183": {
            "file": "183.ogg",
            "crc": 1454372473,
            "sha256": "c5423c4b16232e341ee74ab01fa28450821a749db0fed2a939552a6b133648f3",
            "version": 1
        },
        "184": {
            "file": "184.ogg",
            "crc": -1567902483,
            "sha256": "c73f81eae906381c60820bd483c7cbe27b13bc39ac746345446cd5bf5c6aa930",
            "version": 1
        },
        "185": {
            "file": "185.ogg",
            "crc": 500966169,
            "sha256": "72363a35f1eacb339d82e59a8aa7a00f272ba0ea0481424cf57307badfce635d",
            "version": 1
        },
        "186": {
            "file": "186.ogg",
            "crc": 641513870,
            "sha256": "abea7e0580a7e295fd57ec6692923e36850b168032eb9b10729966ddbba6c3fa",
            "version": 1
        },
        "187": {
            "file": "187.ogg",
            "crc": 578347699,
            "sha256": "f8454adbd8e4bfd5f8b5ca36d8ce14f7aa9bcba88258c33f5abc53bd03d7c975",
            "version": 1
        },
        "188": {
            "file": "188.ogg",
            "crc": -1828208856,
            "sha256": "f4af27dc9b53b5582297ed910ca96458092b15b0375811f6b956aa0357a0ed7a",
            "version": 1
        },
        "189": {
            "file": "189.ogg",
            "crc": -727830524,
            "sha256": "8c91a4894570105d510c4ec567553a915c61f02d1694715898d664ee8208bc15",
            "version": 1
        },
        "190": {
            "file": "190.ogg",
            "crc": -328404098,
            "sha256": "53954e9d4e8cafb624d2d41d2c0ddbd3b2d224035cb0b751e30f47976e9b6e55",
            "version": 1
        },
        "191": {
            "file": "191.ogg",
            "crc": 995454594,
            "sha256": "ded784c3563efc01be6808f046a93e5feeded4ed295efb60c936f559e7ad525f",
            "version": 1
        },
        "192": {
            "file": "192.ogg",
            "crc": 109883836,
            "sha256": "187bb5ec117661454a36633394105b1cea390f61df7eed4905f4869fe8dabbc2",
            "version": 1
        },
        "193": {
            "file": "193.ogg",
            "crc": -802779471,
            "sha256": "1a8df2c95b997f06ba75c07fe8b5b1b3c9efbe5916a8537e310285b8dbb8dfc7",
            "version": 1
        },
        "194": {
            "file": "194.ogg",
            "crc": -1114989119,
            "sha256": "1aaace49785e84223b606ccb4dcb78f424390694c7101720c540fb6bb0e11e3e",
            "version": 1
        },
        "195": {
            "file": "195.ogg",
            "crc": -827114435,
            "sha256": "fe6a658cd6251950cc6401e00e1fb2eea1add0fa71dd7f0561e9995fc2c9c710",
            "version": 1
        },
        "196": {
            "file": "196.ogg",
            "crc": -1761930933,
            "sha256": "9d9b2b6464f529d701ddeb1681f9ef4a7097d95d7cca0c6367fc7cde02d68acf",
            "version": 1
        },
        "197": {
            "file": "197.ogg",
            "crc": 218660403,
            "sha256": "5aa9b77926d68004f6b22f174ac06a95350bc92308480b6f416da7bcdc7ed8e2",
            "version": 1
        },
        "198": {
            "file": "198.ogg",
            "crc": 1693653408,
            "sha256": "77d54be0c87c895532817304ee87f5a1167902be942eb29d5f4468b3155f69fc",
            "version": 1
        },
        "199": {
            "file": "199.ogg",
            "crc": -1431845795,
            "sha256": "ac1ec54f951d108a3f2db4823d2ffd009e14ee2cc231eeb548a6ebc55858bd87",
            "version": 1
        },
        "200": {
            "file": "200.ogg",
            "crc": -1502247659,
            "sha256": "9e746a130c92251df3274fb7d8b7dfb431619c2fa68da8a7bc7afc802b75e673",
            "version": 1
        },
        "201": {
            "file": "201.ogg",
            "crc": -1473441019,
            "sha256": "2bf9acaba06d888b61bbafe851c1e6ba7cfa6efbecfca80b998aa44810e3bb5c",
            "version": 1
        },
        "202": {
            "file": "202.ogg",
            "crc": 1891418961,
            "sha256": "0f94f259b9138793721418c2c1719ef289a2f7e197550b26a82c519f65bdaa14",
            "version": 2
        },
        "203": {
            "file": "203.ogg",
            "crc": -1500649546,
            "sha256": "0d747a7c07599577190dd93cb6054e8160621671430e79e9e166c77affd10f6d",
            "version": 1
        },
        "204": {
            "file": "204.ogg",
            "crc": -1271998402,
            "sha256": "81a4ed3afca1d75e2e0423b742ba00f6d717358a9019cd8e59aa7730cfd50d23",
            "version": 1
        },
        "205": {
            "file": "205.ogg",
            "crc": 1950764417,
            "sha256": "71b141e297aed888d4833ead0e790ba5f0210a3324e5e78a84d70bdc7b14b4bc",
            "version": 1
        },
        "206": {
            "file": "206.ogg",
            "crc": 1231625822,
            "sha256": "c896bd81ff785a0805df0df3c75934c088153cf6392a364140e2b7cb9347d3cc",
            "version": 1
        },
        "207": {
            "file": "207.ogg",
            "crc": -128244981,
            "sha256": "4ed12e184ce01a980bf2758c864f6008c0475b6657962fdb0acdc781e6208172",
            "version": 1
        },
        "208": {
            "file": "208.ogg",
            "crc": 1995816172,
            "sha256": "080515aad5eb01391c15fe0149af610cdc524573a594f911f81f800050d7f3ec",
            "version": 1
        },
        "209": {
            "file": "209.ogg",
            "crc": 1046759160,
            "sha256": "659adf641b75c219f56ddd9c9cd170c4a61d29b17a623c13b4f79b06a49488e7",
            "version": 1
        },
        "210": {
            "file": "210.ogg",
            "crc": -1898559284,
            "sha256": "76b4a2482ed1af3dbbcbb1844da5701420e204f5c005c3611d5fbbd2469d948c",
            "version": 1
        },
        "211": {
            "file": "211.ogg",
            "crc": -1120255129,
            "sha256": "6c0d54536a4535d29ea0ac121a295945241ecc4afc619350067f10b4c4fc8ccc",
            "version": 1
        },
        "212": {
            "file": "212.ogg",
            "crc": 1323167351,
            "sha256": "229caa8129e1bc4c9783fff5b4b09166eba586077ac94d428191914dc0acacb1",
            "version": 1
        },
        "213": {
            "file": "213.ogg",
            "crc": 366757863,
            "sha256": "3f6f2293c1886926c59ab37424d6ed599f99e90847ad7a1d1a6b636798879b28",
            "version": 1
        },
        "214": {
            "file": "214.ogg",
            "crc": 894683850,
            "sha256": "23f1edaaefa21597d63256c2fadae33d65c138177d2998e4cf0a1b5c1f2ec581",
            "version": 1
        },
        "215": {
            "file": "215.ogg",
            "crc": 1355704058,
            "sha256": "8fce21c77bf1faf681b914f8121e4e7d0436dc9203e4b5849fe7c6c6fc26b551",
            "version": 1
        },
        "216": {
            "file": "216.ogg",
            "crc": 1040076605,
            "sha256": "f47f15a6595736b08ddc54892952f0920c1b8f10e3d8fe8659eb872c7ba7d49f",
            "version": 1
        },
        "217": {
            "file": "217.ogg",
            "crc": -434664925,
            "sha256": "67000db86177b6bd7d3f8c0df745f9906e25e1c6267d0ee92325d81473fc86a6",
            "version": 1
        },
        "218": {
            "file": "218.ogg",
            "crc": 1868373536,
            "sha256": "fe44bf6ff6ca869efe40f02f0967b7301ab56afdc5d714148aca30dbdc235ffa",
            "version": 1
        },
        "219": {
            "file": "219.ogg",
            "crc": -1706794745,
            "sha256": "89667991fa2e2f7bb92e15098cb2ba8439778624e359631f25111aa7f8f02069",
            "version": 1
        },
        "220": {
            "file": "220.ogg",
            "crc": 512006141,
            "sha256": "08ba5a8c14063a96163b7322fb46825fc2a13e888668a615d41bb49e2bf28642",
            "version": 1
        },
        "221": {
            "file": "221.ogg",
            "crc": -1425763097,
            "sha256": "40b02653daa10c67c1bf11c888d7d6ca4e2425b2fdef5e2fafd229f055c610a9",
            "version": 1
        },
        "222": {
            "file": "222.ogg",
            "crc": 2062160519,
            "sha256": "e05f6f2f61ed1fbfa31dffb098fe9fa27df41c7662cf8665398f80e4743e98aa",
            "version": 1
        },
        "223": {
            "file": "223.ogg",
            "crc": -903142590,
            "sha256": "89719053404cab29a36ab784cadb414314953a961b3c7c80917af3fdd547a179",
            "version": 1
        },
        "224": {
            "file": "224.ogg",
            "crc": 1446492442,
            "sha256": "6cefc1264980947db0e056b61d2c74b6d9fb16f7c87b7e33c0a9bb26c5377c36",
            "version": 1
        },
        "225": {
            "file": "225.ogg",
            "crc": -760875721,
            "sha256": "f69d7ea2f4bb26fe1b664dcd5a550dc85ed0a094bffcfcdf9273c133adc7536d",
            "version": 1
        },
        "226": {
            "file": "226.ogg",
            "crc": 93981750,
            "sha256": "6bc9453805e7a1b9eb4c8b96c85f422a6c4a724a7d31f3b2722ea278d5cd1bb1",
            "version": 1
        },
        "227": {
            "file": "227.ogg",
            "crc": 973828883,
            "sha256": "10b41c3462e2ee3777ce47de96909c7f8091f5fb0825702f79e2fe18856a8a62",
            "version": 1
        },
        "228": {
            "file": "228.ogg",
            "crc": -117274376,
            "sha256": "5f640e498108a71d40bc89797e5c41ffbd74b1974f08b6856abca3a5cc514a98",
            "version": 1
        },
        "229": {
            "file": "229.ogg",
            "crc": 916193663,
            "sha256": "5903e8f5f2968d945229a825dc4c01e7b7309cd7bb70c3a0dbf309ed3e655511",
            "version": 1
        },
        "230": {
            "file": "230.ogg",
            "crc": -2025137144,
            "sha256": "19bc63c60c809696a0a5ce9c8705795ab37f2f169bc4acb09709e061b34a0ef3",
            "version": 1
        },
        "231": {
            "file": "231.ogg",
            "crc": 1193920381,
            "sha256": "17f8728a005b886c52a3ab033683c761734ba6a0709f6e9b3d29c33bb5e2fcf6",
            "version": 1
        }
    }
}