{
    "indexId": 11,
    "name": "jingles",
    "fileCompression": "gzip",
    "format": 5,
    "version": -1,
    "files": {
        "0": {
            "file": "0.ogg",
            "version": 1
        },
        "1": {
            "file": "1.ogg",
            "version": 1
        },
        "2": {
            "file": "2.ogg",
            "version": 1
        },
        "3": {
            "file": "3.ogg",
            "version": 1
        },
        "4": {
            "file": "4.ogg",
            "version": 1
        },
        "5": {
            "file": "5.ogg",
            "version": 1
        },
        "6": {
            "file": "6.ogg",
            "version": 1
        },
        "7": {
            "file": "7.ogg",
            "version": 1
        },
        "8": {
            "file": "8.ogg",
            "version": 1
        },
        "9": {
            "file": "9.ogg",
            "version": 1
        },
        "10": {
            "file": "10.ogg",
            "version": 1
        },
        "11": {
            "file": "11.ogg",
            "version": 1
        },
        "12": {
            "file": "12.ogg",
            "version": 1
        },
        "13": {
            "file": "13.ogg",
            "version": 2
        },
        "14": {
            "file": "14.ogg",
            "version": 2
        },
        "15": {
            "file": "15.ogg",
            "version": 1
        },
        "16": {
            "file": "16.ogg",
            "version": 1
        },
        "17": {
            "file": "17.ogg",
            "version": 1
        },
        "18": {
            "file": "18.ogg",
            "version": 1
        },
        "19": {
            "file": "19.ogg",
            "version": 1
        },
        "20": {
            "file": "20.ogg",
            "version": 1
        },
        "21": {
            "file": "21.ogg",
            "version": 1
        },
        "22": {
            "file": "22.ogg",
            "version": 1
        },
        "23": {
            "file": "23.ogg",
            "version": 1
        },
        "24": {
            "file": "24.ogg",
            "version": 1
        },
        "25": {
            "file": "25.ogg",
            "version": 1
        },
        "26": {
            "file": "26.ogg",
            "version": 1
        },
        "27": {
            "file": "27.ogg",
            "version": 2
        },
        "28": {
            "file": "28.ogg",
            "version": 1
        },
        "29": {
            "file": "29.ogg",
            "version": 1
        },
        "30": {
            "file": "30.ogg",
            "version": 1
        },
        "31": {
            "file": "31.ogg",
            "version": 1
        },
        "32": {
            "file": "32.ogg",
            "version": 1
        },
        "33": {
            "file": "33.ogg",
            "version": 1
        },
        "34": {
            "file": "34.ogg",
            "version": 1
        },
        "35": {
            "file": "35.ogg",
            "version": 1
        },
        "36": {
            "file": "36.ogg",
            "version": 1
        },
        "37": {
            "file": "37.ogg",
            "version": 1
        },
        "38": {
            "file": "38.ogg",
            "version": 1
        },
        "39": {
            "file": "39.ogg",
            "version": 1
        },
        "40": {
            "file": "40.ogg",
            "version": 1
        },
        "41": {
            "file": "41.ogg",
            "version": 1
        },
        "42": {
            "file": "42.ogg",
            "version": 1
        },
        "43": {
            "file": "43.ogg",
            "version": 1
        },
        "44": {
            "file": "44.ogg",
            "version": 1
        },
        "45": {
            "file": "45.ogg",
            "version": 1
        },
        "46": {
            "file": "46.ogg",
            "version": 1
        },
        "47": {
            "file": "47.ogg",
            "version": 1
        },
        "48": {
            "file": "48.ogg",
            "version": 1
        },
        "49": {
            "file": "49.ogg",
            "version": 1
        },
        "50": {
            "file": "50.ogg",
            "version": 1
        },
        "51": {
            "file": "51.ogg",
            "version": 1
        },
        "52": {
            "file": "52.ogg",
            "version": 1
        },
        "53": {
            "file": "53.ogg",
            "version": 1
        },
        "54": {
            "file": "54.ogg",
            "version": 1
        },
        "55": {
            "file": "55.ogg",
            "version": 1
        },
        "56": {
            "file": "56.ogg",
            "version": 1
        },
        "57": {
            "file": "57.ogg",
            "version": 1
        },
        "58": {
            "file": "58.ogg",
            "version": 1
        },
        "59": {
            "file": "59.ogg",
            "version": 1
        },
        "60": {
            "file": "60.ogg",
            "version": 1
        },
        "61": {
            "file": "61.ogg",
            "version": 1
        },
        "62": {
            "file": "62.ogg",
            "version": 1
        },
        "63": {
            "file": "63.ogg",
            "version": 1
        },
        "64": {
            "file": "64.ogg",
            "version": 1
        },
        "65": {
            "file": "65.ogg",
            "version": 1
        },
        "66": {
            "file": "66.ogg",
            "version": 1
        },
        "67": {
            "file": "67.ogg",
            "version": 1
        },
        "68": {
            "file": "68.ogg",
            "version": 1
        },
        "69": {
            "file": "69.ogg",
            "version": 1
        },
        "70": {
            "file": "70.ogg",
            "version": 1
        },
        "71": {
            "file": "71.ogg",
            "version": 1
        },
        "72": {
            "file": "72.ogg",
            "version": 1
        },
        "73": {
            "file": "73.ogg",
            "version": 1
        },
        "74": {
            "file": "74.ogg",
            "version": 1
        },
        "75": {
            "file": "75.ogg",
            "version": 1
        },
        "76": {
            "file": "76.ogg",
            "version": 1
        },
        "77": {
            "file": "77.ogg",
            "version": 1
        },
        "78": {
            "file": "78.ogg",
            "version": 1
        },
        "79": {
            "file": "79.ogg",
            "version": 1
        },
        "80": {
            "file": "80.ogg",
            "version": 1
        },
        "81": {
            "file": "81.ogg",
            "version": 1
        },
        "82": {
            "file": "82.ogg",
            "version": 1
        },
        "83": {
            "file": "83.ogg",
            "version": 1
        },
        "84": {
            "file": "84.ogg",
            "version": 1
        },
        "85": {
            "file": "85.ogg",
            "version": 1
        },
        "86": {
            "file": "86.ogg",
            "version": 1
        },
        "87": {
            "file": "87.ogg",
            "version": 1
        },
        "88": {
            "file": "88.ogg",
            "version": 1
        },
        "89": {
            "file": "89.ogg",
            "version": 1
        },
        "90": {
            "file": "90.ogg",
            "version": 1
        },
        "91": {
            "file": "91.ogg",
            "version": 1
        },
        "92": {
            "file": "92.ogg",
            "version": 1
        },
        "93": {
            "file": "93.ogg",
            "version": 1
        },
        "94": {
            "file": "94.ogg",
            "version": 1
        },
        "95": {
            "file": "95.ogg",
            "version": 1
        },
        "96": {
            "file": "96.ogg",
            "version": 1
        },
        "97": {
            "file": "97.ogg",
            "version": 1
        },
        "98": {
            "file": "98.ogg",
            "version": 1
        },
        "99": {
            "file": "99.ogg",
            "version": 1
        },
        "100": {
            "file": "100.ogg",
            "version": 1
        },
        "101": {
            "file": "101.ogg",
            "version": 1
        },
        "102": {
            "file": "102.ogg",
            "version": 1
        },
        "103": {
            "file": "103.ogg",
            "version": 2
        },
        "104": {
            "file": "104.ogg",
            "version": 1
        },
        "105": {
            "file": "105.ogg",
            "version": 1
        },
        "106": {
            "file": "106.ogg",
            "version": 1
        },
        "107": {
            "file": "107.ogg",
            "version": 1
        },
        "108": {
            "file": "108.ogg",
            "version": 1
        },
        "109": {
            "file": "109.ogg",
            "version": 1
        },
        "110": {
            "file": "110.ogg",
            "version": 1
        },
        "111": {
            "file": "111.ogg",
            "version": 2
        },
        "112": {
            "file": "112.ogg",
            "version": 2
        },
        "113": {
            "file": "113.ogg",
            "version": 1
        },
        "114": {
            "file": "114.ogg",
            "version": 1
        },
        "115": {
            "file": "115.ogg",
            "version": 1
        },
        "117": {
            "file": "117.ogg",
            "version": 1
        },
        "119": {
            "file": "119.ogg",
            "version": 1
        },
        "120": {
            "file": "120.ogg",
            "version": 1
        },
        "121": {
            "file": "121.ogg",
            "version": 1
        },
        "122": {
            "file": "122.ogg",
            "version": 1
        },
        "123": {
            "file": "123.ogg",
            "version": 1
        },
        "124": {
            "file": "124.ogg",
            "version": 1
        },
        "125": {
            "file": "125.ogg",
            "version": 1
        },
        "126": {
            "file": "126.ogg",
            "version": 1
        },
        "127": {
            "file": "127.ogg",
            "version": 1
        },
        "128": {
            "file": "128.ogg",
            "version": 1
        },
        "129": {
            "file": "129.ogg",
            "version": 1
        },
        "130": {
            "file": "130.ogg",
            "version": 1
        },
        "131": {
            "file": "131.ogg",
            "version": 1
        },
        "132": {
            "file": "132.ogg",
            "version": 1
        },
        "133": {
            "file": "133.ogg",
            "version": 1
        },
        "134": {
            "file": "134.ogg",
            "version": 1
        },
        "135": {
            "file": "135.ogg",
            "version": 1
        },
        "136": {
            "file": "136.ogg",
            "version": 1
        },
        "137": {
            "file": "137.ogg",
            "version": 1
        },
        "138": {
            "file": "138.ogg",
            "version": 1
        },
        "139": {
            "file": "139.ogg",
            "version": 1
        },
        "140": {
            "file": "140.ogg",
            "version": 1
        },
        "141": {
            "file": "141.ogg",
            "version": 1
        },
        "142": {
            "file": "142.ogg",
            "version": 2
        },
        "143": {
            "file": "143.ogg",
            "version": 1
        },
        "144": {
            "file": "144.ogg",
            "version": 1
        },
        "145": {
            "file": "145.ogg",
            "version": 1
        },
        "146": {
            "file": "146.ogg",
            "version": 1
        },
        "147": {
            "file": "147.ogg",
            "version": 1
        },
        "148": {
            "file": "148.ogg",
            "version": 1
        },
        "149": {
            "file": "149.ogg",
            "version": 1
        },
        "150": {
            "file": "150.ogg",
            "version": 1
        },
        "151": {
            "file": "151.ogg",
            "version": 1
        },
        "152": {
            "file": "152.ogg",
            "version": 1
        },
        "153": {
            "file": "153.ogg",
            "version": 1
        },
        "154": {
            "file": "154.ogg",
            "version": 1
        },
        "155": {
            "file": "155.ogg",
            "version": 1
        },
        "156": {
            "file": "156.ogg",
            "version": 1
        },
        "157": {
            "file": "157.ogg",
            "version": 1
        },
        "158": {
            "file": "158.ogg",
            "version": 1
        },
        "159": {
            "file": "159.ogg",
            "version": 1
        },
        "160": {
            "file": "160.ogg",
            "version": 1
        },
        "161": {
            "file": "161.ogg",
            "version": 1
        },
        "162": {
            "file": "162.ogg",
            "version": 1
        },
        "163": {
            "file": "163.ogg",
            "version": 1
        },
        "164": {
            "file": "164.ogg",
            "version": 1
        },
        "165": {
            "file": "165.ogg",
            "version": 1
        },
        "166": {
            "file": "166.ogg",
            "version": 1
        },
        "167": {
            "file": "167.ogg",
            "version": 1
        },
        "168": {
            "file": "168.ogg",
            "version": 1
        },
        "169": {
            "file": "169.ogg",
            "version": 1
        },
        "170": {
            "file": "170.ogg",
            "version": 1
        },
        "171": {
            "file": "171.ogg",
            "version": 1
        },
        "172": {
            "file": "172.ogg",
            "version": 1
        },
        "173": {
            "file": "173.ogg",
            "version": 1
        },
        "174": {
            "file": "174.ogg",
            "version": 1
        },
        "175": {
            "file": "175.ogg",
            "version": 1
        },
        "176": {
            "file": "176.ogg",
            "version": 1
        },
        "177": {
            "file": "177.ogg",
            "version": 1
        },
        "178": {
            "file": "178.ogg",
            "version": 1
        },
        "179": {
            "file": "179.ogg",
            "version": 1
        },
        "180": {
            "file": "180.ogg",
            "version": 1
        },
        "181": {
            "file": "181.ogg",
            "version": 1
        },
        "182": {
            "file": "182.ogg",
            "version": 1
        },
        "183": {
            "file": "183.ogg",
            "version": 1
        },
        "184": {
            "file": "184.ogg",
            "version": 1
        },
        "185": {
            "file": "185.ogg",
            "version": 1
        },
        "186": {
            "file": "186.ogg",
            "version": 1
        },
        "187": {
            "file": "187.ogg",
            "version": 1
        },
        "188": {
            "file": "188.ogg",
            "version": 1
        },
        "189": {
            "file": "189.ogg",
            "version": 1
        },
        "190": {
            "file": "190.ogg",
            "version": 1
        },
        "191": {
            "file": "191.ogg",
            "version": 1
        },
        "192": {
            "file": "192.ogg",
            "version": 1
        },
        "193": {
            "file": "193.ogg",
            "version": 1
        },
        "194": {
            "file": "194.ogg",
            "version": 1
        },
        "195": {
            "file": "195.ogg",
            "version": 1
        },
        "196": {
            "file": "196.ogg",
            "version": 1
        },
        "197": {
            "file": "197.ogg",
            "version": 1
        },
        "198": {
            "file": "198.ogg",
            "version": 1
        },
        "199": {
            "file": "199.ogg",
            "version": 1
        },
        "200": {
            "file": "200.ogg",
            "version": 1
        },
        "201": {
            "file": "201.ogg",
            "version": 1
        },
        "202": {
            "file": "202.ogg",
            "version": 2
        },
        "203": {
            "file": "203.ogg",
            "version": 1
        },
        "204": {
            "file": "204.ogg",
            "version": 1
        },
        "205": {
            "file": "205.ogg",
            "version": 1
        },
        "206": {
            "file": "206.ogg",
            "version": 1
        },
        "207": {
            "file": "207.ogg",
            "version": 1
        },
        "208": {
            "file": "208.ogg",
            "version": 1
        },
        "209": {
            "file": "209.ogg",
            "version": 1
        },
        "210": {
            "file": "210.ogg",
            "version": 1
        },
        "211": {
            "file": "211.ogg",
            "version": 1
        },
        "212": {
            "file": "212.ogg",
            "version": 1
        },
        "213": {
            "file": "213.ogg",
            "version": 1
        },
        "214": {
            "file": "214.ogg",
            "version": 1
        },
        "215": {
            "file": "215.ogg",
            "version": 1
        },
        "216": {
            "file": "216.ogg",
            "version": 1
        },
        "217": {
            "file": "217.ogg",
            "version": 1
        },
        "218": {
            "file": "218.ogg",
            "version": 1
        },
        "219": {
            "file": "219.ogg",
            "version": 1
        },
        "220": {
            "file": "220.ogg",
            "version": 1
        },
        "221": {
            "file": "221.ogg",
            "version": 1
        },
        "222": {
            "file": "222.ogg",
            "version": 1
        },
        "223": {
            "file": "223.ogg",
            "version": 1
        },
        "224": {
            "file": "224.ogg",
            "version": 1
        },
        "225": {
            "file": "225.ogg",
            "version": 1
        },
        "226": {
            "file": "226.ogg",
            "version": 1
        },
        "227": {
            "file": "227.ogg",
            "version": 1
        },
        "228": {
            "file": "228.ogg",
            "version": 1
        },
        "229": {
            "file": "229.ogg",
            "version": 1
        },
        "230": {
            "file": "230.ogg",
            "version": 1
        },
        "231": {
            "file": "231.ogg",
            "version": 1
        }
    }
}