{
    "1": [
        "Missing encryption keys for file 1",
        "File not found"
    ],
    "5": [
        "File not found"
    ],
    "13": [
        "Missing encryption keys for file 13",
        "File not found"
    ],
    "21": [
        "File not found"
    ],
    "25": [
        "Missing encryption keys for file 25",
        "File not found"
    ],
    "33": [
        "Missing encryption keys for file 33",
        "File not found"
    ],
    "35": [
        "File not found"
    ],
    "37": [
        "Missing encryption keys for file 37",
        "File not found"
    ],
    "39": [
        "File not found"
    ],
    "49": [
        "File not found"
    ],
    "63": [
        "File not found"
    ],
    "65": [
        "Missing encryption keys for file 65",
        "File not found"
    ],
    "67": [
        "Missing encryption keys for file 67",
        "File not found"
    ],
    "69": [
        "Missing encryption keys for file 69",
        "File not found"
    ],
    "87": [
        "File not found"
    ],
    "91": [
        "Missing encryption keys for file 91",
        "File not found"
    ],
    "93": [
        "File not found"
    ],
    "95": [
        "Missing encryption keys for file 95",
        "File not found"
    ],
    "97": [
        "File not found"
    ],
    "99": [
        "File not found"
    ],
    "101": [
        "Missing encryption keys for file 101",
        "File not found"
    ],
    "103": [
        "Missing encryption keys for file 103",
        "File not found"
    ],
    "111": [
        "File not found"
    ],
    "117": [
        "Missing encryption keys for file 117",
        "File not found"
    ],
    "119": [
        "Missing encryption keys for file 119",
        "File not found"
    ],
    "121": [
        "File not found"
    ],
    "123": [
        "File not found"
    ],
    "125": [
        "Missing encryption keys for file 125",
        "File not found"
    ],
    "127": [
        "Missing encryption keys for file 127",
        "File not found"
    ],
    "129": [
        "File not found"
    ],
    "133": [
        "Missing encryption keys for file 133",
        "File not found"
    ],
    "135": [
        "File not found"
    ],
    "145": [
        "File not found"
    ],
    "149": [
        "File not found"
    ],
    "159": [
        "File not found"
    ],
    "167": [
        "Missing encryption keys for file 167",
        "File not found"
    ],
    "175": [
        "File not found"
    ],
    "177": [
        "Missing encryption keys for file 177",
        "File not found"
    ],
    "179": [
        "File not found"
    ],
    "183": [
        "Missing encryption keys for file 183",
        "File not found"
    ],
    "185": [
        "File not found"
    ],
    "189": [
        "File not found"
    ],
    "191": [
        "File not found"
    ],
    "193": [
        "File not found"
    ],
    "205": [
        "File not found"
    ],
    "209": [
        "File not found"
    ],
    "211": [
        "Missing encryption keys for file 211",
        "File not found"
    ],
    "213": [
        "File not found"
    ],
    "217": [
        "File not found"
    ],
    "225": [
        "File not found"
    ],
    "227": [
        "Missing encryption keys for file 227",
        "File not found"
    ],
    "233": [
        "File not found"
    ],
    "235": [
        "File not found"
    ],
    "243": [
        "File not found"
    ],
    "245": [
        "File not found"
    ],
    "247": [
        "File not found"
    ],
    "253": [
        "File not found"
    ],
    "255": [
        "Missing encryption keys for file 255",
        "File not found"
    ],
    "257": [
        "Missing encryption keys for file 257",
        "File not found"
    ],
    "265": [
        "File not found"
    ],
    "271": [
        "File not found"
    ],
    "275": [
        "Missing encryption keys for file 275",
        "File not found"
    ],
    "279": [
        "File not found"
    ],
    "281": [
        "Missing encryption keys for file 281",
        "File not found"
    ],
    "283": [
        "File not found"
    ],
    "289": [
        "Missing encryption keys for file 289",
        "File not found"
    ],
    "291": [
        "Missing encryption keys for file 291",
        "File not found"
    ],
    "299": [
        "Missing encryption keys for file 299",
        "File not found"
    ],
    "307": [
        "Missing encryption keys for file 307",
        "File not found"
    ],
    "325": [
        "File not found"
    ],
    "327": [
        "File not found"
    ],
    "329": [
        "Missing encryption keys for file 329",
        "File not found"
    ],
    "331": [
        "File not found"
    ],
    "343": [
        "File not found"
    ],
    "347": [
        "Missing encryption keys for file 347",
        "File not found"
    ],
    "349": [
        "File not found"
    ],
    "351": [
        "Missing encryption keys for file 351",
        "File not found"
    ],
    "357": [
        "File not found"
    ],
    "363": [
        "File not found"
    ],
    "365": [
        "Missing encryption keys for file 365",
        "File not found"
    ],
    "367": [
        "File not found"
    ],
    "369": [
        "Missing encryption keys for file 369",
        "File not found"
    ],
    "371": [
        "File not found"
    ],
    "373": [
        "Missing encryption keys for file 373",
        "File not found"
    ],
    "377": [
        "File not found"
    ],
    "379": [
        "Missing encryption keys for file 379",
        "File not found"
    ],
    "381": [
        "File not found"
    ],
    "395": [
        "Missing encryption keys for file 395",
        "File not found"
    ],
    "397": [
        "Missing encryption keys for file 397",
        "File not found"
    ],
    "399": [
        "Missing encryption keys for file 399",
        "File not found"
    ],
    "401": [
        "Missing encryption keys for file 401",
        "File not found"
    ],
    "403": [
        "File not found"
    ],
    "405": [
        "File not found"
    ],
    "407": [
        "File not found"
    ],
    "409": [
        "File not found"
    ],
    "411": [
        "File not found"
    ],
    "413": [
        "Missing encryption keys for file 413",
        "File not found"
    ],
    "417": [
        "File not found"
    ],
    "421": [
        "Missing encryption keys for file 421",
        "File not found"
    ],
    "423": [
        "Missing encryption keys for file 423",
        "File not found"
    ],
    "445": [
        "File not found"
    ],
    "453": [
        "Missing encryption keys for file 453",
        "File not found"
    ],
    "457": [
        "File not found"
    ],
    "459": [
        "Missing encryption keys for file 459",
        "File not found"
    ],
    "463": [
        "File not found"
    ],
    "465": [
        "Missing encryption keys for file 465",
        "File not found"
    ],
    "473": [
        "Missing encryption keys for file 473",
        "File not found"
    ],
    "475": [
        "Missing encryption keys for file 475",
        "File not found"
    ],
    "477": [
        "Missing encryption keys for file 477",
        "File not found"
    ],
    "479": [
        "File not found"
    ],
    "483": [
        "File not found"
    ],
    "485": [
        "Missing encryption keys for file 485",
        "File not found"
    ],
    "487": [
        "Missing encryption keys for file 487",
        "File not found"
    ],
    "495": [
        "Missing encryption keys for file 495",
        "File not found"
    ],
    "505": [
        "Missing encryption keys for file 505",
        "File not found"
    ],
    "507": [
        "File not found"
    ],
    "509": [
        "File not found"
    ],
    "513": [
        "File not found"
    ],
    "525": [
        "Missing encryption keys for file 525",
        "File not found"
    ],
    "537": [
        "File not found"
    ],
    "541": [
        "Missing encryption keys for file 541",
        "File not found"
    ],
    "543": [
        "File not found"
    ],
    "551": [
        "Missing encryption keys for file 551",
        "File not found"
    ],
    "553": [
        "Missing encryption keys for file 553",
        "File not found"
    ],
    "557": [
        "Missing encryption keys for file 557",
        "File not found"
    ],
    "561": [
        "Missing encryption keys for file 561",
        "File not found"
    ],
    "575": [
        "Missing encryption keys for file 575",
        "File not found"
    ],
    "585": [
        "Missing encryption keys for file 585",
        "File not found"
    ],
    "587": [
        "Missing encryption keys for file 587",
        "File not found"
    ],
    "589": [
        "File not found"
    ],
    "599": [
        "File not found"
    ],
    "601": [
        "Missing encryption keys for file 601",
        "File not found"
    ],
    "603": [
        "Missing encryption keys for file 603",
        "File not found"
    ],
    "605": [
        "Missing encryption keys for file 605",
        "File not found"
    ],
    "607": [
        "Missing encryption keys for file 607",
        "File not found"
    ],
    "609": [
        "File not found"
    ],
    "613": [
        "Missing encryption keys for file 613",
        "File not found"
    ],
    "615": [
        "File not found"
    ],
    "629": [
        "File not found"
    ],
    "633": [
        "File not found"
    ],
    "637": [
        "Missing encryption keys for file 637",
        "File not found"
    ],
    "641": [
        "File not found"
    ],
    "647": [
        "Missing encryption keys for file 647",
        "File not found"
    ],
    "651": [
        "File not found"
    ],
    "657": [
        "Missing encryption keys for file 657",
        "File not found"
    ],
    "661": [
        "Missing encryption keys for file 661",
        "File not found"
    ],
    "665": [
        "Missing encryption keys for file 665",
        "File not found"
    ],
    "673": [
        "File not found"
    ],
    "677": [
        "File not found"
    ],
    "685": [
        "File not found"
    ],
    "695": [
        "Missing encryption keys for file 695",
        "File not found"
    ],
    "697": [
        "File not found"
    ],
    "701": [
        "File not found"
    ],
    "703": [
        "Missing encryption keys for file 703",
        "File not found"
    ],
    "707": [
        "Missing encryption keys for file 707",
        "File not found"
    ],
    "709": [
        "File not found"
    ],
    "711": [
        "Missing encryption keys for file 711",
        "File not found"
    ],
    "713": [
        "Missing encryption keys for file 713",
        "File not found"
    ],
    "717": [
        "File not found"
    ],
    "719": [
        "Missing encryption keys for file 719",
        "File not found"
    ],
    "733": [
        "File not found"
    ],
    "735": [
        "Missing encryption keys for file 735",
        "File not found"
    ],
    "737": [
        "Missing encryption keys for file 737",
        "File not found"
    ],
    "739": [
        "Missing encryption keys for file 739",
        "File not found"
    ],
    "743": [
        "Missing encryption keys for file 743",
        "File not found"
    ],
    "745": [
        "Missing encryption keys for file 745",
        "File not found"
    ],
    "747": [
        "File not found"
    ],
    "755": [
        "Missing encryption keys for file 755",
        "File not found"
    ],
    "757": [
        "File not found"
    ],
    "775": [
        "File not found"
    ],
    "777": [
        "File not found"
    ],
    "779": [
        "Missing encryption keys for file 779",
        "File not found"
    ],
    "781": [
        "Missing encryption keys for file 781",
        "File not found"
    ],
    "785": [
        "File not found"
    ],
    "789": [
        "Missing encryption keys for file 789",
        "File not found"
    ],
    "793": [
        "Missing encryption keys for file 793",
        "File not found"
    ],
    "795": [
        "File not found"
    ],
    "799": [
        "File not found"
    ],
    "801": [
        "File not found"
    ],
    "803": [
        "Missing encryption keys for file 803",
        "File not found"
    ],
    "815": [
        "File not found"
    ],
    "817": [
        "File not found"
    ],
    "869": [
        "File not found"
    ],
    "871": [
        "Missing encryption keys for file 871",
        "File not found"
    ],
    "875": [
        "File not found"
    ],
    "887": [
        "File not found"
    ],
    "889": [
        "File not found"
    ],
    "891": [
        "Missing encryption keys for file 891",
        "File not found"
    ],
    "899": [
        "Missing encryption keys for file 899",
        "File not found"
    ],
    "907": [
        "Missing encryption keys for file 907",
        "File not found"
    ],
    "909": [
        "Missing encryption keys for file 909",
        "File not found"
    ],
    "911": [
        "Missing encryption keys for file 911",
        "File not found"
    ],
    "913": [
        "Missing encryption keys for file 913",
        "File not found"
    ],
    "921": [
        "File not found"
    ],
    "931": [
        "File not found"
    ],
    "933": [
        "File not found"
    ],
    "935": [
        "Missing encryption keys for file 935",
        "File not found"
    ],
    "937": [
        "File not found"
    ],
    "939": [
        "Missing encryption keys for file 939",
        "File not found"
    ],
    "945": [
        "File not found"
    ],
    "947": [
        "File not found"
    ],
    "951": [
        "File not found"
    ],
    "953": [
        "Missing encryption keys for file 953",
        "File not found"
    ],
    "955": [
        "File not found"
    ],
    "957": [
        "File not found"
    ],
    "963": [
        "Missing encryption keys for file 963",
        "File not found"
    ],
    "971": [
        "Missing encryption keys for file 971",
        "File not found"
    ],
    "973": [
        "File not found"
    ],
    "977": [
        "File not found"
    ],
    "981": [
        "Missing encryption keys for file 981",
        "File not found"
    ],
    "987": [
        "File not found"
    ],
    "991": [
        "Missing encryption keys for file 991",
        "File not found"
    ],
    "995": [
        "File not found"
    ],
    "1001": [
        "File not found"
    ],
    "1003": [
        "Missing encryption keys for file 1003",
        "File not found"
    ],
    "1005": [
        "File not found"
    ],
    "1007": [
        "File not found"
    ],
    "1011": [
        "File not found"
    ],
    "1015": [
        "File not found"
    ],
    "1025": [
        "File not found"
    ],
    "1031": [
        "Missing encryption keys for file 1031",
        "File not found"
    ],
    "1039": [
        "Missing encryption keys for file 1039",
        "File not found"
    ],
    "1059": [
        "Missing encryption keys for file 1059",
        "File not found"
    ],
    "1069": [
        "Missing encryption keys for file 1069",
        "File not found"
    ],
    "1075": [
        "File not found"
    ],
    "1087": [
        "File not found"
    ],
    "1089": [
        "File not found"
    ],
    "1091": [
        "Missing encryption keys for file 1091",
        "File not found"
    ],
    "1093": [
        "File not found"
    ],
    "1095": [
        "File not found"
    ],
    "1101": [
        "File not found"
    ],
    "1103": [
        "File not found"
    ],
    "1105": [
        "Missing encryption keys for file 1105",
        "File not found"
    ],
    "1107": [
        "File not found"
    ],
    "1117": [
        "Missing encryption keys for file 1117",
        "File not found"
    ],
    "1119": [
        "File not found"
    ],
    "1121": [
        "Missing encryption keys for file 1121",
        "File not found"
    ],
    "1123": [
        "Missing encryption keys for file 1123",
        "File not found"
    ],
    "1125": [
        "Missing encryption keys for file 1125",
        "File not found"
    ],
    "1129": [
        "File not found"
    ],
    "1131": [
        "Missing encryption keys for file 1131",
        "File not found"
    ],
    "1133": [
        "File not found"
    ],
    "1147": [
        "File not found"
    ],
    "1149": [
        "Missing encryption keys for file 1149",
        "File not found"
    ],
    "1153": [
        "File not found"
    ],
    "1155": [
        "Missing encryption keys for file 1155",
        "File not found"
    ],
    "1165": [
        "Missing encryption keys for file 1165",
        "File not found"
    ],
    "1173": [
        "Missing encryption keys for file 1173",
        "File not found"
    ],
    "1179": [
        "File not found"
    ],
    "1181": [
        "Missing encryption keys for file 1181",
        "File not found"
    ],
    "1187": [
        "Missing encryption keys for file 1187",
        "File not found"
    ],
    "1193": [
        "Missing encryption keys for file 1193",
        "File not found"
    ],
    "1205": [
        "File not found"
    ],
    "1209": [
        "File not found"
    ],
    "1211": [
        "File not found"
    ],
    "1233": [
        "File not found"
    ],
    "1235": [
        "Missing encryption keys for file 1235",
        "File not found"
    ],
    "1237": [
        "File not found"
    ],
    "1241": [
        "Missing encryption keys for file 1241",
        "File not found"
    ],
    "1243": [
        "Missing encryption keys for file 1243",
        "File not found"
    ],
    "1245": [
        "File not found"
    ],
    "1247": [
        "Missing encryption keys for file 1247",
        "File not found"
    ],
    "1249": [
        "Missing encryption keys for file 1249",
        "File not found"
    ],
    "1251": [
        "Missing encryption keys for file 1251",
        "File not found"
    ],
    "1259": [
        "File not found"
    ],
    "1263": [
        "File not found"
    ],
    "1267": [
        "Missing encryption keys for file 1267",
        "File not found"
    ],
    "1269": [
        "Missing encryption keys for file 1269",
        "File not found"
    ],
    "1273": [
        "File not found"
    ],
    "1275": [
        "Missing encryption keys for file 1275",
        "File not found"
    ],
    "1283": [
        "Missing encryption keys for file 1283",
        "File not found"
    ],
    "1289": [
        "Missing encryption keys for file 1289",
        "File not found"
    ],
    "1291": [
        "File not found"
    ],
    "1301": [
        "File not found"
    ],
    "1303": [
        "File not found"
    ],
    "1307": [
        "Missing encryption keys for file 1307",
        "File not found"
    ],
    "1315": [
        "Missing encryption keys for file 1315",
        "File not found"
    ],
    "1319": [
        "Missing encryption keys for file 1319",
        "File not found"
    ],
    "1323": [
        "File not found"
    ],
    "1325": [
        "File not found"
    ],
    "1329": [
        "Missing encryption keys for file 1329",
        "File not found"
    ],
    "1333": [
        "File not found"
    ],
    "1335": [
        "File not found"
    ],
    "1337": [
        "File not found"
    ],
    "1339": [
        "File not found"
    ],
    "1341": [
        "File not found"
    ],
    "1357": [
        "File not found"
    ],
    "1359": [
        "Missing encryption keys for file 1359",
        "File not found"
    ],
    "1361": [
        "Missing encryption keys for file 1361",
        "File not found"
    ],
    "1363": [
        "Missing encryption keys for file 1363",
        "File not found"
    ],
    "1373": [
        "File not found"
    ],
    "1391": [
        "Missing encryption keys for file 1391",
        "File not found"
    ],
    "1393": [
        "File not found"
    ],
    "1395": [
        "Missing encryption keys for file 1395",
        "File not found"
    ],
    "1397": [
        "File not found"
    ],
    "1399": [
        "File not found"
    ],
    "1401": [
        "File not found"
    ],
    "1403": [
        "Missing encryption keys for file 1403",
        "File not found"
    ],
    "1405": [
        "File not found"
    ],
    "1407": [
        "Missing encryption keys for file 1407",
        "File not found"
    ],
    "1409": [
        "Missing encryption keys for file 1409",
        "File not found"
    ],
    "1411": [
        "Missing encryption keys for file 1411",
        "File not found"
    ],
    "1413": [
        "File not found"
    ],
    "1415": [
        "File not found"
    ],
    "1417": [
        "Missing encryption keys for file 1417",
        "File not found"
    ],
    "1419": [
        "Missing encryption keys for file 1419",
        "File not found"
    ],
    "1421": [
        "Missing encryption keys for file 1421",
        "File not found"
    ],
    "1423": [
        "Missing encryption keys for file 1423",
        "File not found"
    ],
    "1425": [
        "Missing encryption keys for file 1425",
        "File not found"
    ],
    "1427": [
        "File not found"
    ],
    "1429": [
        "File not found"
    ],
    "1431": [
        "Missing encryption keys for file 1431",
        "File not found"
    ],
    "1433": [
        "Missing encryption keys for file 1433",
        "File not found"
    ],
    "1435": [
        "Missing encryption keys for file 1435",
        "File not found"
    ],
    "1437": [
        "Missing encryption keys for file 1437",
        "File not found"
    ],
    "1439": [
        "File not found"
    ],
    "1441": [
        "Missing encryption keys for file 1441",
        "File not found"
    ],
    "1443": [
        "Missing encryption keys for file 1443",
        "File not found"
    ],
    "1445": [
        "Missing encryption keys for file 1445",
        "File not found"
    ],
    "1447": [
        "Missing encryption keys for file 1447",
        "File not found"
    ],
    "1449": [
        "File not found"
    ],
    "1451": [
        "File not found"
    ],
    "1453": [
        "Missing encryption keys for file 1453",
        "File not found"
    ],
    "1455": [
        "File not found"
    ],
    "1457": [
        "Missing encryption keys for file 1457",
        "File not found"
    ],
    "1459": [
        "Missing encryption keys for file 1459",
        "File not found"
    ],
    "1461": [
        "Missing encryption keys for file 1461",
        "File not found"
    ],
    "1463": [
        "File not found"
    ],
    "1465": [
        "File not found"
    ],
    "1467": [
        "File not found"
    ],
    "1469": [
        "Missing encryption keys for file 1469",
        "File not found"
    ],
    "1471": [
        "Missing encryption keys for file 1471",
        "File not found"
    ],
    "1473": [
        "File not found"
    ],
    "1475": [
        "File not found"
    ],
    "1477": [
        "Missing encryption keys for file 1477",
        "File not found"
    ],
    "1479": [
        "File not found"
    ],
    "1481": [
        "Missing encryption keys for file 1481",
        "File not found"
    ],
    "1483": [
        "Missing encryption keys for file 1483",
        "File not found"
    ],
    "1485": [
        "Missing encryption keys for file 1485",
        "File not found"
    ],
    "1487": [
        "Missing encryption keys for file 1487",
        "File not found"
    ],
    "1489": [
        "Missing encryption keys for file 1489",
        "File not found"
    ],
    "1491": [
        "Missing encryption keys for file 1491",
        "File not found"
    ],
    "1493": [
        "File not found"
    ],
    "1495": [
        "File not found"
    ],
    "1497": [
        "File not found"
    ],
    "1499": [
        "Missing encryption keys for file 1499",
        "File not found"
    ],
    "1501": [
        "Missing encryption keys for file 1501",
        "File not found"
    ],
    "1503": [
        "File not found"
    ],
    "1505": [
        "Missing encryption keys for file 1505",
        "File not found"
    ],
    "1507": [
        "Missing encryption keys for file 1507",
        "File not found"
    ],
    "1509": [
        "Missing encryption keys for file 1509",
        "File not found"
    ],
    "1511": [
        "Missing encryption keys for file 1511",
        "File not found"
    ],
    "1513": [
        "File not found"
    ],
    "1515": [
        "File not found"
    ],
    "1517": [
        "Missing encryption keys for file 1517",
        "File not found"
    ],
    "1519": [
        "Missing encryption keys for file 1519",
        "File not found"
    ],
    "1521": [
        "Missing encryption keys for file 1521",
        "File not found"
    ],
    "1523": [
        "File not found"
    ],
    "1525": [
        "File not found"
    ],
    "1527": [
        "Missing encryption keys for file 1527",
        "File not found"
    ],
    "1529": [
        "Missing encryption keys for file 1529",
        "File not found"
    ],
    "1531": [
        "Missing encryption keys for file 1531",
        "File not found"
    ],
    "1533": [
        "File not found"
    ],
    "1535": [
        "Missing encryption keys for file 1535",
        "File not found"
    ],
    "1537": [
        "File not found"
    ],
    "1539": [
        "File not found"
    ],
    "1541": [
        "Missing encryption keys for file 1541",
        "File not found"
    ],
    "1543": [
        "Missing encryption keys for file 1543",
        "File not found"
    ],
    "1545": [
        "Missing encryption keys for file 1545",
        "File not found"
    ],
    "1547": [
        "Missing encryption keys for file 1547",
        "File not found"
    ],
    "1549": [
        "Missing encryption keys for file 1549",
        "File not found"
    ],
    "1551": [
        "File not found"
    ],
    "1553": [
        "Missing encryption keys for file 1553",
        "File not found"
    ]
}