{
    "31": [
        "File not found"
    ],
    "135": [
        "File not found"
    ],
    "136": [
        "File not found"
    ],
    "137": [
        "File not found"
    ],
    "139": [
        "File not found"
    ],
    "199": [
        "File not found"
    ],
    "206": [
        "File not found"
    ],
    "207": [
        "File not found"
    ],
    "208": [
        "File not found"
    ],
    "209": [
        "File not found"
    ],
    "210": [
        "File not found"
    ],
    "211": [
        "File not found"
    ],
    "212": [
        "File not found"
    ],
    "213": [
        "File not found"
    ],
    "214": [
        "File not found"
    ],
    "215": [
        "File not found"
    ],
    "216": [
        "File not found"
    ],
    "217": [
        "File not found"
    ],
    "218": [
        "File not found"
    ],
    "219": [
        "File not found"
    ],
    "220": [
        "File not found"
    ],
    "221": [
        "File not found"
    ],
    "222": [
        "File not found"
    ],
    "223": [
        "File not found"
    ],
    "224": [
        "File not found"
    ],
    "225": [
        "File not found"
    ],
    "226": [
        "File not found"
    ],
    "227": [
        "File not found"
    ],
    "228": [
        "File not found"
    ],
    "229": [
        "File not found"
    ],
    "230": [
        "File not found"
    ],
    "231": [
        "File not found"
    ],
    "232": [
        "File not found"
    ],
    "233": [
        "File not found"
    ],
    "234": [
        "File not found"
    ],
    "235": [
        "File not found"
    ],
    "236": [
        "File not found"
    ],
    "237": [
        "File not found"
    ],
    "238": [
        "File not found"
    ],
    "239": [
        "File not found"
    ],
    "240": [
        "File not found"
    ],
    "249": [
        "File not found"
    ],
    "250": [
        "File not found"
    ],
    "272": [
        "File not found"
    ],
    "273": [
        "File not found"
    ],
    "274": [
        "File not found"
    ],
    "275": [
        "File not found"
    ],
    "276": [
        "File not found"
    ],
    "279": [
        "File not found"
    ],
    "280": [
        "File not found"
    ],
    "281": [
        "File not found"
    ],
    "283": [
        "File not found"
    ],
    "298": [
        "File not found"
    ],
    "299": [
        "File not found"
    ],
    "300": [
        "File not found"
    ],
    "301": [
        "File not found"
    ],
    "302": [
        "File not found"
    ],
    "309": [
        "File not found"
    ],
    "310": [
        "File not found"
    ],
    "313": [
        "File not found"
    ],
    "315": [
        "File not found"
    ],
    "349": [
        "File not found"
    ],
    "350": [
        "File not found"
    ],
    "360": [
        "File not found"
    ],
    "365": [
        "File not found"
    ],
    "367": [
        "File not found"
    ],
    "368": [
        "File not found"
    ],
    "371": [
        "File not found"
    ],
    "374": [
        "File not found"
    ],
    "382": [
        "File not found"
    ],
    "385": [
        "File not found"
    ],
    "386": [
        "File not found"
    ],
    "391": [
        "File not found"
    ],
    "399": [
        "File not found"
    ],
    "404": [
        "File not found"
    ],
    "405": [
        "File not found"
    ],
    "408": [
        "File not found"
    ],
    "414": [
        "File not found"
    ],
    "416": [
        "File not found"
    ],
    "417": [
        "File not found"
    ],
    "421": [
        "File not found"
    ],
    "422": [
        "File not found"
    ],
    "423": [
        "File not found"
    ],
    "424": [
        "File not found"
    ],
    "426": [
        "File not found"
    ],
    "427": [
        "File not found"
    ],
    "428": [
        "File not found"
    ],
    "429": [
        "File not found"
    ],
    "430": [
        "File not found"
    ],
    "431": [
        "File not found"
    ],
    "432": [
        "File not found"
    ],
    "433": [
        "File not found"
    ],
    "437": [
        "File not found"
    ],
    "439": [
        "File not found"
    ],
    "440": [
        "File not found"
    ],
    "441": [
        "File not found"
    ],
    "442": [
        "File not found"
    ],
    "443": [
        "File not found"
    ],
    "444": [
        "File not found"
    ],
    "445": [
        "File not found"
    ],
    "446": [
        "File not found"
    ]
}