{
    "indexId": 6,
    "name": "music",
    "fileCompression": "gzip",
    "fileExtension": ".mid",
    "format": 5,
    "version": 0,
    "settings": 1,
    "crc": -1328394850,
    "sha256": "7a8bbe57b52c144f83acfc375ed58b06f7e6cdd59c46ccb0646a89e4a0ff04fc",
    "files": {
        "1": {
            "file": "iban.mid",
            "crc": -2084481713,
            "sha256": "2602dbcbba64f1c91eceaaed17d14531163f0952fb98f1a85a1dbfa5708b268f",
            "version": 1
        },
        "2": {
            "file": "autumn voyage.mid",
            "crc": -1854510525,
            "sha256": "6cf4c1c75543e2b1edd6d2ed19da2d42737d428f2a7e575582e22b51a6042525",
            "version": 1
        },
        "3": {
            "file": "unknown land.mid",
            "crc": -222941242,
            "sha256": "7c22079a444ef22ac96435971865ae3988e17c91a659dce092666bbf24e0bb0e",
            "version": 1
        },
        "4": {
            "file": "hells bells.mid",
            "crc": 1975184988,
            "sha256": "1415d50d0b914afb080cee05182488ef0912401aadac1cc611de318b9e259797",
            "version": 1
        },
        "5": {
            "file": "sad meadow.mid",
            "crc": -1035229193,
            "sha256": "25e1be02f78bc3114bad86d66b4cb3109f47718d24c881ba863c04aeb8a46d16",
            "version": 1
        },
        "6": {
            "file": "jollyr.mid",
            "crc": -585198618,
            "sha256": "a36cde94b47ddfded497277005eb7c12215da32322b423f2cd61a18dc371660f",
            "version": 1
        },
        "7": {
            "file": "overture.mid",
            "crc": 2107631408,
            "sha256": "9870d9a6f082afc3e56d5847bbcb2da3d505563d9b8dc2057b6ca1fa8cac4968",
            "version": 1
        },
        "8": {
            "file": "wildwood.mid",
            "crc": 835368069,
            "sha256": "0ea3d7230cedc9b45d0fd41a71611bb3383682a0b97f8fd4304a15dc9f30f7de",
            "version": 1
        },
        "9": {
            "file": "kingdom.mid",
            "crc": 795168058,
            "sha256": "aa6ea1c0104e0242ece353b00ddf361d5a0d688f93606b4eced3d2abc71a8d13",
            "version": 1
        },
        "10": {
            "file": "moody.mid",
            "crc": -21960658,
            "sha256": "e20ec4c34ef16e8d49e027f123a535c0c146be808ccab71f6fba1a436b7f1ff4",
            "version": 1
        },
        "11": {
            "file": "spooky2.mid",
            "crc": -1966791375,
            "sha256": "146026c86458093a12be70c5387760abbd4192e8a1b1f30dfa1941e31b84d1ef",
            "version": 1
        },
        "12": {
            "file": "long way home.mid",
            "crc": 985380576,
            "sha256": "ab9cacc7e72e9d2b3e606e14c44058b7426d6d2d54851b2bd761adcd18418090",
            "version": 1
        },
        "13": {
            "file": "mage arena.mid",
            "crc": 1451999894,
            "sha256": "bb424f4a75f4364cee79a331b985d6202388045eeb88d507f79ac102e0ac5eae",
            "version": 1
        },
        "14": {
            "file": "witching.mid",
            "crc": -1387109434,
            "sha256": "5568934c3343f0831ec756d50428e34f264f20fa4473677883f8c2f7346c8aff",
            "version": 1
        },
        "15": {
            "file": "workshop.mid",
            "crc": -772898489,
            "sha256": "3d5378e078469f8e3df0af75df53988a5e92af0143a8ccbb09b5b25074b8908b",
            "version": 1
        },
        "16": {
            "file": "627705588.mid",
            "crc": -565907270,
            "sha256": "e932e57ae9c4cc398283d93ab41c898992b0dc0befd738e9f6fb738cb0b030f3",
            "version": 1
        },
        "17": {
            "file": "escape.mid",
            "crc": 1031893038,
            "sha256": "9611f3e6cae2c71ea647150fe0e5fd1062d737be8b9f8532e7ee815588b325a2",
            "version": 1
        },
        "18": {
            "file": "horizon.mid",
            "crc": 1924441865,
            "sha256": "403536c15d13c073e29a25ff1eec40fc81d9c0f5f485b21014bc1c59b557e673",
            "version": 1
        },
        "19": {
            "file": "arabique.mid",
            "crc": 1702682262,
            "sha256": "5d4df1d66a6f2ef31fa986edfa918a275f48006e8c15e7a6da61678fe0f2173c",
            "version": 1
        },
        "20": {
            "file": "lullaby.mid",
            "crc": -1167933314,
            "sha256": "a9dc29a3181b126d1911206fce4354870f71abce2a39a396240f689802bc294c",
            "version": 1
        },
        "21": {
            "file": "monarch waltz.mid",
            "crc": -833302762,
            "sha256": "c8ba3e4641651438d172b3813e6c64a986f70dd64ac8a803f57d00f918a209d3",
            "version": 1
        },
        "22": {
            "file": "gnome king.mid",
            "crc": -981835264,
            "sha256": "cad368325562341834e8e56c36a9f26a6148f622409d35ed36949efb73b2cee9",
            "version": 1
        },
        "23": {
            "file": "fe fi fo fum.mid",
            "crc": 15641854,
            "sha256": "96978f2f12c4ba692bc34a3ad889aa1b27851495cf9a63d5f9d3a367cfe412eb",
            "version": 1
        },
        "24": {
            "file": "attack1.mid",
            "crc": 459316025,
            "sha256": "8abbfce1b80cdfa3df2ec4bb12eb6cda300f623a25cb23b4ffa91b86874d8244",
            "version": 1
        },
        "25": {
            "file": "attack2.mid",
            "crc": -1967587700,
            "sha256": "e24a7b4119de8796e3015a4cb7d1cd3e1de0a1c26eb4a5d57c97d88ac645b752",
            "version": 1
        },
        "26": {
            "file": "attack3.mid",
            "crc": 276517072,
            "sha256": "d746bf189a383eab3726bbaa82943e4aeda6f5786e96c37f80ab54ff335059ca",
            "version": 1
        },
        "27": {
            "file": "attack4.mid",
            "crc": -1114100120,
            "sha256": "8f63ed062fd3de3551ea7a9c6d7fdf088e25467db4d072e7c532325dfda9c008",
            "version": 1
        },
        "28": {
            "file": "attack5.mid",
            "crc": 1807276334,
            "sha256": "2cf302a7c71ec0582fa2d406942910627e62cbf01f6ddce8670bc73aad5119a6",
            "version": 1
        },
        "29": {
            "file": "attack6.mid",
            "crc": 1645875112,
            "sha256": "9eef3a32acb1dafff6922dea26dd3a9a851c881d19dc7543d3f390e5470523b4",
            "version": 1
        },
        "30": {
            "file": "voodoo cult.mid",
            "crc": 137500746,
            "sha256": "04f76c34531595b5430911d218dd52f0f7ae1fcc82d363fc678fa38ad8cb6bdf",
            "version": 1
        },
        "32": {
            "file": "voyage.mid",
            "crc": 78042166,
            "sha256": "2a58e2a104896d99c3df0d524f696edb6ea2105252a8fe009b1866306593872a",
            "version": 1
        },
        "33": {
            "file": "gnome village.mid",
            "crc": -1865030838,
            "sha256": "1f4cc07ba8cbc92e8f7d16271dc0ca6e4d2b49b24ec954290f9ac23cd90427ff",
            "version": 1
        },
        "34": {
            "file": "wonder.mid",
            "crc": 1151818659,
            "sha256": "36346409d6fb5cd75f0a934a5de6ebc35f2a84d00dcf02b2c1a230a2616cf7a2",
            "version": 1
        },
        "35": {
            "file": "sea shanty2.mid",
            "crc": -1884039610,
            "sha256": "526d66d71e5e5f8b98da0ccefe7cbe40c39a3d5c57ecde06a582a3b188980adb",
            "version": 1
        },
        "36": {
            "file": "arabian.mid",
            "crc": 597757990,
            "sha256": "3e5d326d3ab073094672654850c6a14012c2ffbfd531a5a1c64fc3be9fd9aa81",
            "version": 1
        },
        "37": {
            "file": "deep wildy.mid",
            "crc": 77766981,
            "sha256": "4c7064ffe253cacdea61075d5799f131349e9253e3345750ce35362253cca1d8",
            "version": 1
        },
        "38": {
            "file": "trawler.mid",
            "crc": 102538920,
            "sha256": "3b10cff9eb38cb63f07d698cd666b4515106a301613f5f9a239ee131c1dd8e51",
            "version": 1
        },
        "39": {
            "file": "345324413.mid",
            "crc": -389267114,
            "sha256": "7a4d049860528ddb325c61babbf76c59b321f18a79a4e9973083097fdd8bf62e",
            "version": 1
        },
        "40": {
            "file": "345324414.mid",
            "crc": -2064546496,
            "sha256": "9ec95982a0724631489e79ead76c6cd4b5d69e4e03302de43916f551d9b5f1d7",
            "version": 1
        },
        "41": {
            "file": "expecting.mid",
            "crc": -1361263097,
            "sha256": "0cdc050a6a65cac0ed4a46c97b0834464b944e262b677dc511552a7c46f686ba",
            "version": 1
        },
        "42": {
            "file": "wilderness2.mid",
            "crc": 582647228,
            "sha256": "0fc33b0bf99a9ed1d7b73c59ccf3f6bb7fea07edd46dc756de872102ff781d3e",
            "version": 1
        },
        "43": {
            "file": "wilderness3.mid",
            "crc": 2078478739,
            "sha256": "99590ceef0a4047c4d2e6771565e3abb351675ba4fdd4fb6a7619fd970defb8b",
            "version": 1
        },
        "44": {
            "file": "right on track.mid",
            "crc": 1281299965,
            "sha256": "3f30586ee26ec7edb8a4f2ea3f6653978c9bcd19fb6e843da84ec375ad71ce55",
            "version": 1
        },
        "45": {
            "file": "venture2.mid",
            "crc": 674275316,
            "sha256": "8745290b5aa611d4ac6d6289eae9160533621afc03ec693b3f10e3e8a39a957e",
            "version": 1
        },
        "46": {
            "file": "harmony2.mid",
            "crc": -2114576979,
            "sha256": "1adc6ec4c25feb0b28ff04df80c53cec1b8255f02ec890fda2d7e79c61416c12",
            "version": 1
        },
        "47": {
            "file": "duel arena.mid",
            "crc": 1394677442,
            "sha256": "b90dcf374cf1e8bb37e920a56045f8d4b9c9136c10c2b5f2b8efbcf3af955c1d",
            "version": 1
        },
        "48": {
            "file": "morytania.mid",
            "crc": -723265481,
            "sha256": "6f0cbbb36d335e357b18b1ed5e94fbd85e71fdf61394e7c5a306d5732199b04d",
            "version": 1
        },
        "49": {
            "file": "wander.mid",
            "crc": 1832175407,
            "sha256": "91e5f95b7e8108eb490e688046a05b461774bec9425b8d3d22ddef09cd375162",
            "version": 1
        },
        "50": {
            "file": "al kharid.mid",
            "crc": 743550636,
            "sha256": "eed452212a37e4c4a8fed2883f7261cb7d95365068b171bd4cc52032f207d2ba",
            "version": 1
        },
        "51": {
            "file": "trawler minor.mid",
            "crc": -1349669122,
            "sha256": "5fa8f3b7902419bc99a557a5c4f657ae9e5f8c9dae4ec1b1b7cdad0c7da5d7e4",
            "version": 1
        },
        "52": {
            "file": "serene.mid",
            "crc": -755111713,
            "sha256": "03694331fe2b501136cb836c10e199fb600b18382d617ebf46cde8c15f10e4df",
            "version": 1
        },
        "53": {
            "file": "royale.mid",
            "crc": 317048925,
            "sha256": "8e4b817c71f3221bb80ba7d51cd0b258dde1d1b6b5237fd5c375f2f12440a6f1",
            "version": 1
        },
        "54": {
            "file": "scape soft.mid",
            "crc": -626372233,
            "sha256": "e0f04b9acd71c8e73a7cbed940898975e2f935f4ef684d363707c7f1aff9c67c",
            "version": 1
        },
        "55": {
            "file": "high seas.mid",
            "crc": -1227828781,
            "sha256": "c3af9deb2cef2199373a78d81a0e98076714dae08f5b31d81c448c862adee14a",
            "version": 1
        },
        "56": {
            "file": "doorways.mid",
            "crc": 1601718393,
            "sha256": "3e5a9951cfde7f7d0bc1e77d981e1f7a4008a4290d697abd54d4604f41aadfbf",
            "version": 1
        },
        "57": {
            "file": "rune essence.mid",
            "crc": -570232662,
            "sha256": "9d15aeac7e9ef88ab9b6d8d7b10232782e503171a72584c550d5ed1fae044b4d",
            "version": 1
        },
        "58": {
            "file": "nomad.mid",
            "crc": 874133064,
            "sha256": "cc8f36e309a1bcb15e1a148f5e6a38323eec9d32ca3dedda50bb1839b13252ef",
            "version": 1
        },
        "59": {
            "file": "cursed.mid",
            "crc": -765438406,
            "sha256": "53528e59875d0541f9e2806de3af45b4b26ccae338784de4572fb1ea014bf08d",
            "version": 1
        },
        "60": {
            "file": "lasting.mid",
            "crc": 1411993218,
            "sha256": "28aa0e6091c87bcc587f59d17b991794a2d26ed6e4f5cc74b3c9326f7a57afbf",
            "version": 1
        },
        "61": {
            "file": "village.mid",
            "crc": -1350939087,
            "sha256": "34fc4410b434e1e18c55e07b88c325b9ff2220cc145030058957c547d3462dcf",
            "version": 1
        },
        "62": {
            "file": "newbie melody.mid",
            "crc": 1745086074,
            "sha256": "3aca6df60f59b14deeec6daa9e3919e6ee24ccd6a04e24a6e18e146e4beb0531",
            "version": 1
        },
        "63": {
            "file": "chain of command.mid",
            "crc": -456471475,
            "sha256": "b1004640f567bf78e8e172ff552dc964b19d3ed04a4e853d07347cf01aa1bde2",
            "version": 1
        },
        "64": {
            "file": "book of spells.mid",
            "crc": -1031361397,
            "sha256": "34d66a09392b2cd1c49db3ffa95510205a59f29c5d9fd757b33b2dff06e2a4cc",
            "version": 1
        },
        "65": {
            "file": "miracle dance.mid",
            "crc": 822228392,
            "sha256": "af923cefc1bd575fa58b5be2dbbd43c1ec04eb4441082e7a5c816b093154c4cf",
            "version": 1
        },
        "66": {
            "file": "legion.mid",
            "crc": -1049431425,
            "sha256": "5d436360b0cb1ba8dc6cf476da6414c6741bbfb03027408505ee71a203b5b8ce",
            "version": 1
        },
        "67": {
            "file": "close quarters.mid",
            "crc": -58720421,
            "sha256": "e3ba17bd3b2477c822cedbbc996c71b6d715fa6f8b530fd764f208b35036bf29",
            "version": 1
        },
        "68": {
            "file": "cavern.mid",
            "crc": 840602429,
            "sha256": "185a16ba65c4fe9ca7135949a86c3464bfa7013252f11bff25b94988a387b1a2",
            "version": 1
        },
        "69": {
            "file": "egypt.mid",
            "crc": -796642993,
            "sha256": "f54cb1f463b57e6267291942b1214f2109e51ca8c74b0972e336c5dfbd9085b1",
            "version": 1
        },
        "70": {
            "file": "upcoming.mid",
            "crc": 315635645,
            "sha256": "70fadb47c12429bcac5a7cff945a181f7c8ec53a6c965ca9247cb3f1d44de421",
            "version": 1
        },
        "71": {
            "file": "chompy hunt.mid",
            "crc": -954304804,
            "sha256": "e6784e6ad2597d385249c46a583a0c5a4727c2f64fc4e822fe952ce534b6d12c",
            "version": 1
        },
        "72": {
            "file": "fanfare.mid",
            "crc": 528120575,
            "sha256": "125d73e0ed43a97454bb305633f0499fc8283c23645f47a7a7762cf0bf5702dc",
            "version": 1
        },
        "73": {
            "file": "alls fairy in love n war.mid",
            "crc": 875039660,
            "sha256": "af6c4bdc66b94b53508c73f5bd41eb02967b1a4e117693b5a6846817e623e56d",
            "version": 1
        },
        "74": {
            "file": "lightwalk.mid",
            "crc": -168761914,
            "sha256": "44874a2607e43fcafc37ecfb062f507feacbf82a4ad82bcb9ca757323e1a8b86",
            "version": 1
        },
        "75": {
            "file": "venture.mid",
            "crc": -1120404628,
            "sha256": "6903db7e395b829cce1147a0c0fc3cfda0240a17fbe4a8c82a71d17b0332790e",
            "version": 1
        },
        "76": {
            "file": "harmony.mid",
            "crc": 1752853423,
            "sha256": "2b129f7c6011baaa73fc6d5fac03fe9e5231c7475d4e0487663154f70fa393b5",
            "version": 1
        },
        "77": {
            "file": "splendour.mid",
            "crc": -811854859,
            "sha256": "bee4c7db82c171b4f64cae75b91642d5520d55806bf4ef9893019047c82f6a11",
            "version": 1
        },
        "78": {
            "file": "reggae.mid",
            "crc": 486246618,
            "sha256": "100fcd4acf5e547cdabf273291d3b7272c32a1b00fee128223b44b3208fb1911",
            "version": 1
        },
        "79": {
            "file": "the desert.mid",
            "crc": 1059732936,
            "sha256": "cb4454b8be3def6a422a1ded9e7a7c380ec03ae7f3592806dd2f1d397f7e3431",
            "version": 1
        },
        "80": {
            "file": "soundscape.mid",
            "crc": 1454519805,
            "sha256": "ced6ff6d5a28ce327e3825157d45242a49bebaaaa61e08050ea96baca27395c8",
            "version": 1
        },
        "81": {
            "file": "wonderous.mid",
            "crc": -1445038057,
            "sha256": "e3c3110d3857bedfde5cdc1c107892910a7dfdc5900efcaf5e351f1dc329e228",
            "version": 1
        },
        "82": {
            "file": "waterfall.mid",
            "crc": -1767334341,
            "sha256": "9d4f73ab7edb6e3104435e1b504e1ce17df56910a1e603ae0e6600a2e333872a",
            "version": 1
        },
        "83": {
            "file": "big chords.mid",
            "crc": -235527115,
            "sha256": "6508540115656d0d94a9618088a42c50187a52cae5ec1b83955f82f0d8b60d1d",
            "version": 1
        },
        "84": {
            "file": "dead quiet.mid",
            "crc": -149054019,
            "sha256": "d217288126ae7b496126b62d1f2da50d812f511b3447916b4f0e5e01c156e993",
            "version": 1
        },
        "85": {
            "file": "vision.mid",
            "crc": -1815957505,
            "sha256": "2d52269857de1bd59f17cfc207fe99a8e1776a5726bb62b9e6824b9cbefd05a8",
            "version": 1
        },
        "86": {
            "file": "dimension x.mid",
            "crc": -2112895657,
            "sha256": "14f6c70bebae85b95a15dc734719fe4b813c3dabd9b2db896f650d8a41e7a664",
            "version": 1
        },
        "87": {
            "file": "ice melody.mid",
            "crc": -99536161,
            "sha256": "d1e3cc55ac92527f8619d7bfc1677dad889e31e5ab95ce243ace9ac0e0d24ed5",
            "version": 1
        },
        "88": {
            "file": "twilight.mid",
            "crc": -367850000,
            "sha256": "f4a1a1420f18e2854b44ffe7d0fd102078bf85ec77017b0394d162520ab1d73c",
            "version": 1
        },
        "89": {
            "file": "reggae2.mid",
            "crc": 1643105662,
            "sha256": "1846266820cbf8361aaf9149b685b4017a08f83dc21a9c4e923953a32a93b7a2",
            "version": 1
        },
        "90": {
            "file": "ambient jungle.mid",
            "crc": 318673368,
            "sha256": "570b2f1930b9e45816e8f8d3be4c7576e4db0b6c7c584dcba9db7a8945252a30",
            "version": 1
        },
        "91": {
            "file": "riverside.mid",
            "crc": -990596093,
            "sha256": "f7f62b584a44212623033e8ed233edc12237b7eba035afe765a6a216864ef779",
            "version": 1
        },
        "92": {
            "file": "sea shanty.mid",
            "crc": -228113739,
            "sha256": "2a8e96d70e9af008b04a0f1feb06c3e6be9d0c0893d39bf53e6375afe654b103",
            "version": 1
        },
        "93": {
            "file": "parade.mid",
            "crc": -26050687,
            "sha256": "85dd0a4a69a8cf7427836b69419d17ae4e19d4b6045cf6e6787274d425a0d5a4",
            "version": 1
        },
        "94": {
            "file": "tribal2.mid",
            "crc": -1229328854,
            "sha256": "cee08478fb7d73c1d27e35b52099524d1d40ba58ba43ce411652487f8f53a2f5",
            "version": 1
        },
        "95": {
            "file": "intrepid.mid",
            "crc": 1615055139,
            "sha256": "e4696d63f33cc110f1f0ce180a843c933d94ce6423e3aabf1aa67255c8350a77",
            "version": 1
        },
        "96": {
            "file": "inspiration.mid",
            "crc": -730916478,
            "sha256": "9b97b104c736053facf1bdf6f99b36f86861e3d599db73f8fcb7cb6415cdf078",
            "version": 1
        },
        "97": {
            "file": "hermit.mid",
            "crc": -1826611252,
            "sha256": "e3c18a4766fb5c779e11a5daf4d905621689ed945cbd5e3b8a12f5169eca6dc5",
            "version": 1
        },
        "98": {
            "file": "forever.mid",
            "crc": 421280086,
            "sha256": "f2a3d9cb16ce02a8591d4d9c0121abb547296d7fa384ac1d2868d78d1e1110a4",
            "version": 1
        },
        "99": {
            "file": "baroque.mid",
            "crc": -1080153490,
            "sha256": "6f61daae33191c9a1711e1584f3d942616a0833b882044ace3db79bf09d92a2c",
            "version": 1
        },
        "100": {
            "file": "beyond.mid",
            "crc": -917663183,
            "sha256": "e281952fffb952d0e53176a9062dff0e785f693736ec056012dfded46dcbf9e9",
            "version": 1
        },
        "101": {
            "file": "gnome village2.mid",
            "crc": -1667651849,
            "sha256": "c2ffce15a8333a472f09ddc886dde67dd59bd8606ac5d0db70986ac24148909a",
            "version": 1
        },
        "102": {
            "file": "alone.mid",
            "crc": -53505368,
            "sha256": "18e4a56928b77170ead96d487e91ecfaceff762ded6ca167837aac62e40dbdbb",
            "version": 1
        },
        "103": {
            "file": "oriental.mid",
            "crc": -1093971558,
            "sha256": "587a6911a8e387804bb863b7accd8f4100a6c6a26f17c51a90792902ccabfd41",
            "version": 1
        },
        "104": {
            "file": "camelot.mid",
            "crc": -1752872415,
            "sha256": "3bf92c90b2894b7bd407bf9c589102a1951428bdcc30eb917f3823747bc450f7",
            "version": 1
        },
        "105": {
            "file": "tomorrow.mid",
            "crc": 2029914186,
            "sha256": "5c86a215740f2c9ae7f74bf3fe30d4a852f91d7036ad7d547f258f25c607d492",
            "version": 1
        },
        "106": {
            "file": "expanse.mid",
            "crc": 1230353105,
            "sha256": "9d90471b5687b4e2bb0fcc3f0f8a6e88eef00596cab8b46f3460164c6ee274e6",
            "version": 1
        },
        "107": {
            "file": "miles away.mid",
            "crc": -468576989,
            "sha256": "cf72893916bda1b42ef0ce8695e0c8a6b5cfe0354e04fb0e1e478fe2a623faf9",
            "version": 1
        },
        "108": {
            "file": "starlight.mid",
            "crc": 709077111,
            "sha256": "cedce25aa958b6a0a1fd9f832fac3e119adf2ed3f1ccf3d9dd80477d53193d40",
            "version": 1
        },
        "109": {
            "file": "theme.mid",
            "crc": -1247794241,
            "sha256": "da47f9eca2dcd918b694df37799455d3048813f8ec75576a98f060f04a5083ae",
            "version": 1
        },
        "110": {
            "file": "serenade.mid",
            "crc": 22687418,
            "sha256": "53a0548418cc01b1ea77b3605a8f3dab65755688644a8e5c6c56fb6bcd0c5aff",
            "version": 1
        },
        "111": {
            "file": "still night.mid",
            "crc": -893349854,
            "sha256": "d86975fee417c6918cead474b488d1f8a86d4f3130e5e823dc0ba02b915aad4e",
            "version": 1
        },
        "112": {
            "file": "gnomeball.mid",
            "crc": 547856084,
            "sha256": "b8a4241e191dc093dd1b483460e767d1349e409a80b0fda90742e71f42b3bc90",
            "version": 1
        },
        "113": {
            "file": "lightness.mid",
            "crc": 830246296,
            "sha256": "8ffef985e5fb44814f205a7779ee47231e8f600b88163b25828847245418a437",
            "version": 1
        },
        "114": {
            "file": "jungly1.mid",
            "crc": 934148673,
            "sha256": "33cc9eb481a67dffe574bebe9d2ce1e8c9c46d08cb707f9021950bc0dc66d0f0",
            "version": 1
        },
        "115": {
            "file": "jungly2.mid",
            "crc": 294400279,
            "sha256": "ccfc248615b51e33b94baee3976d97cb38febfb3840291b70c8a5ecfcd35ac69",
            "version": 1
        },
        "116": {
            "file": "greatness.mid",
            "crc": -1927909808,
            "sha256": "0512bade175440b9bedd36a97e4ca98688c6e6595ec48059fc0190647a2f1ba4",
            "version": 1
        },
        "117": {
            "file": "jungly3.mid",
            "crc": 1638178305,
            "sha256": "a39298a8e1daa5cd010f5d2cfe2783729ef0ca2990a142ee09ec10657d111162",
            "version": 1
        },
        "118": {
            "file": "faerie.mid",
            "crc": 1750291602,
            "sha256": "adcf80eaae318bbf2a6283cc31de8cd8a35930dc6383a933417132e2e1d10346",
            "version": 1
        },
        "119": {
            "file": "fishing.mid",
            "crc": 982717646,
            "sha256": "6c6077099dd4be329455978d81f2d8e3877e39f32fc751776973208261efc6d5",
            "version": 1
        },
        "120": {
            "file": "shining.mid",
            "crc": -1957117785,
            "sha256": "46193c6ba25624504301254a5358968c0186e48213dfac29cefed373895eafdb",
            "version": 1
        },
        "121": {
            "file": "forbidden.mid",
            "crc": -384768622,
            "sha256": "1d38a76c7e27b456b9a4fe175b0092a03d2d81f98dcc9e6dcbd57266bee75965",
            "version": 1
        },
        "122": {
            "file": "shine.mid",
            "crc": 1036812255,
            "sha256": "5a4c2b7517d48557af888a0708f89416fe0eef36d391c238ca7a4ca19ecbfafc",
            "version": 1
        },
        "123": {
            "file": "arabian2.mid",
            "crc": -1527250072,
            "sha256": "25e2feb295b105f0aea08bd75a48bb82cafb06ea4bbf86836abb9de0c82baf0f",
            "version": 1
        },
        "124": {
            "file": "arabian3.mid",
            "crc": 657297898,
            "sha256": "31deafda7c803753cfd153f2e95b412ad2ff49370c09c2836e6508125339f210",
            "version": 1
        },
        "125": {
            "file": "garden.mid",
            "crc": -1855679250,
            "sha256": "9e8ca242bd67f7fbeb94952f6c82d3be33a11e314119d5614eb11938afe8d13c",
            "version": 1
        },
        "126": {
            "file": "we are the fairies.mid",
            "crc": -1737451862,
            "sha256": "9bf73b51ce89749d25925d4575b9cd35c86eebd8fbcc4a6afa75bdc33773bf29",
            "version": 1
        },
        "127": {
            "file": "nightfall.mid",
            "crc": -1827002064,
            "sha256": "e9f9b4f1f1ff3166b55f01cf5d2b74a2ea31cc8bcc2796a43f8901d6f468e284",
            "version": 1
        },
        "128": {
            "file": "grumpy.mid",
            "crc": -1817028756,
            "sha256": "1bebb17370828c457170675755a471b38dbe4b959fc95c54ac43cfb5549bb011",
            "version": 1
        },
        "129": {
            "file": "spookyjungle.mid",
            "crc": -454887295,
            "sha256": "81aedb6fbd632448d6f8c6960bbe408e2a69b0e5b71eaf3f703e2f7a92e293f7",
            "version": 1
        },
        "130": {
            "file": "tree spirits.mid",
            "crc": -1150955362,
            "sha256": "8ef232e4c6600507eace1c2d76a4aba431f9f3cd7ecff54a8b3ac2c42ce661f7",
            "version": 1
        },
        "131": {
            "file": "understanding.mid",
            "crc": 940082190,
            "sha256": "a6da2b24d15019aeeb0feefb9cb328f8bbfc6389f15b9a09225de666767deed2",
            "version": 1
        },
        "132": {
            "file": "breeze.mid",
            "crc": -2037626821,
            "sha256": "8d6ac4f459470bd8ab47d05759255eeda3623ab215d2e0852115d70754d9d393",
            "version": 1
        },
        "133": {
            "file": "the tower.mid",
            "crc": 957805421,
            "sha256": "db05de537b65fdd3f2573ca15ca1ce433887ed9428403810e7fc4fa9f9acd4be",
            "version": 1
        },
        "134": {
            "file": "la mort.mid",
            "crc": 1458591746,
            "sha256": "012bf59d68e6228383619e47fd3194040d0cd493c043a3a0f2f7d3700690b791",
            "version": 1
        },
        "138": {
            "file": "emperor.mid",
            "crc": 77163762,
            "sha256": "f8e8af149e25196d9b6e9f4dedef9f4794ea181f07fa7d7a907b58a2f65d4e54",
            "version": 1
        },
        "140": {
            "file": "talking forest.mid",
            "crc": -2018130075,
            "sha256": "f2470ce5c35a2633628302b6cd9301ec04e97d6adf9ac8db38e17752ef0558d5",
            "version": 1
        },
        "141": {
            "file": "barbarianism.mid",
            "crc": 1189903057,
            "sha256": "43f8ce82987e70664f3987809364752836da5f60489bff808ebb917206563642",
            "version": 1
        },
        "142": {
            "file": "complication.mid",
            "crc": 1517018902,
            "sha256": "da15417fb64d7b47973250d7a8ea58959427453ecd621bae1acf346c6f4ea885",
            "version": 1
        },
        "143": {
            "file": "down to earth.mid",
            "crc": 937815145,
            "sha256": "f79739b0a9cc2ac80a593db52a20dc7dafc9b4adecdd0ea4dc2e5225dde9c1cb",
            "version": 1
        },
        "144": {
            "file": "scape cave.mid",
            "crc": -307692883,
            "sha256": "b041e75f4f02165e4dc056ed73d1aad721a19dd14b656f689edac3c74d3a20e8",
            "version": 1
        },
        "145": {
            "file": "yesteryear.mid",
            "crc": 1345849845,
            "sha256": "e0820f10bd23ab8e3c17349b37f1198a8040d57219d98ecb2bd43a8c32682d05",
            "version": 1
        },
        "146": {
            "file": "zealot.mid",
            "crc": -1999186398,
            "sha256": "fc2e53088653cc4a546f849d98ecc0d92fcd8e14cb296e17ccfca056f257d05f",
            "version": 1
        },
        "147": {
            "file": "silence.mid",
            "crc": -2040572976,
            "sha256": "111192c0f0da86fd74a178e2b125036ff6bad860a3315d5f57869aed66fe26ba",
            "version": 1
        },
        "148": {
            "file": "emotion.mid",
            "crc": -807750639,
            "sha256": "dee5b90eb22e6f0f2ba6663b7ddc448c00997d276495512327d50c5f25389528",
            "version": 1
        },
        "149": {
            "file": "principality.mid",
            "crc": 1855312645,
            "sha256": "e93034056dfbd7dea1a36b0bf97f245a815f7e826ec7b165daefcec0900b68d5",
            "version": 1
        },
        "150": {
            "file": "mouse trap.mid",
            "crc": 1755528712,
            "sha256": "ed815eefbc22cac930ea25c2bed99e5fb54e2a7d8c0da52d54aa5f51ec57b75c",
            "version": 1
        },
        "151": {
            "file": "start.mid",
            "crc": -712313441,
            "sha256": "6354687c3c371f251ea743d18bb64909b693af3070ba71f7ffa1aa020d8fb436",
            "version": 1
        },
        "152": {
            "file": "ballad of enchantment.mid",
            "crc": 2016168297,
            "sha256": "bb79da58c27c17462cb7c0482dacf0d944aa8ac2ee380e36c55d8e632e5659bf",
            "version": 1
        },
        "153": {
            "file": "expedition.mid",
            "crc": 439166864,
            "sha256": "a2436b60926125f8fa92e7a262fa500842f4088e7f3bac0120f01317a21e0940",
            "version": 1
        },
        "154": {
            "file": "bone dance.mid",
            "crc": 838879371,
            "sha256": "5c84b3e9c04e237a9c30f7002d5767e8184e369f08bca80be74facfa1b8bb24b",
            "version": 1
        },
        "155": {
            "file": "neverland.mid",
            "crc": 1044814782,
            "sha256": "9f3384a5f7db9c03de8c855b6288090257035421365c7d5a5138484d4034a38c",
            "version": 1
        },
        "156": {
            "file": "mausoleum.mid",
            "crc": -368917781,
            "sha256": "dd176bc8ba264d7e58eaa5204af45e786e4f61bdbfc4c404fc49c456581776b5",
            "version": 1
        },
        "157": {
            "file": "medieval.mid",
            "crc": -1313129939,
            "sha256": "6ed9ff91ac7a4858e780a29ae42f880adc5b765da24399cb09b847e84534dd68",
            "version": 1
        },
        "158": {
            "file": "quest.mid",
            "crc": 1643649163,
            "sha256": "7f523edd9f5f9c182761a5a809c6f69cad0abc19549146c203642e0e1e900daa",
            "version": 1
        },
        "159": {
            "file": "gaol.mid",
            "crc": -437695519,
            "sha256": "a42fd8d31ddd63942ac41c38ad419b2954ec59113e30c6947c89ffb520f9a0dc",
            "version": 1
        },
        "160": {
            "file": "army of darkness.mid",
            "crc": 1411229749,
            "sha256": "7668414792a5a7d86e67e9166432d6bb259f53fb3f4a58520c6b3a1aff61e98e",
            "version": 1
        },
        "161": {
            "file": "long ago.mid",
            "crc": 2025462858,
            "sha256": "f8b257e50955e6097dd5001558cee12e96fd79a9c4c7aeee7852f27c487b10d5",
            "version": 1
        },
        "162": {
            "file": "tribal background.mid",
            "crc": 1499874502,
            "sha256": "13f96b4815220fd95b2d7ecde32cbdf091af1a11ae988cfe6948d94f8666f3ff",
            "version": 1
        },
        "163": {
            "file": "flute salad.mid",
            "crc": 158415112,
            "sha256": "3c02e10929cfab5fae03886058612e5a15acb0a699730521121da30d73b964e4",
            "version": 1
        },
        "164": {
            "file": "landlubber.mid",
            "crc": 167220888,
            "sha256": "fd0a132733ef3f7ec5893c9cbb7def276db72ffb238b814a4ed96ee41b956788",
            "version": 1
        },
        "165": {
            "file": "tribal.mid",
            "crc": -822592769,
            "sha256": "932b68e2c9e5779aee8c19d9a7bd58f64cce4c6afa9c0e105cc4b9621b7032c3",
            "version": 1
        },
        "166": {
            "file": "fanfare2.mid",
            "crc": -746035812,
            "sha256": "ec2b8c72224ca8bec0940a44d41afc89d539ea2e742047fb628ce9d1baa02d93",
            "version": 1
        },
        "167": {
            "file": "fanfare3.mid",
            "crc": 169688726,
            "sha256": "28cda8220e8637928ea9d9e6ff177003c393462ee93ececefbd4b2faba950e25",
            "version": 1
        },
        "168": {
            "file": "lonesome.mid",
            "crc": -915892854,
            "sha256": "2598699a65a0a2c3c7a06a992ddf2e3c28be41a76e49384a7a9dfc1ad534e2d3",
            "version": 1
        },
        "169": {
            "file": "crystal sword.mid",
            "crc": 2033774535,
            "sha256": "cd94ee50da6b5c00a96f6ae83c13e00b9ef939719f6ce53a527f7c14535bfa43",
            "version": 1
        },
        "170": {
            "file": "the shadow.mid",
            "crc": -1730755276,
            "sha256": "fe6587a23b9ebc87f8a59220aea4aae38b7ad16c4356524f3815fce41981d3e0",
            "version": 1
        },
        "171": {
            "file": "null.mid",
            "crc": -685669288,
            "sha256": "f4aae5948f859cf391e91c7e69e2a1d72c97244a36d62ab3df31b272309994af",
            "version": 1
        },
        "172": {
            "file": "jungle island.mid",
            "crc": -2073046545,
            "sha256": "75025bf842d0e633133a9b5c597acf525624bd274f31598695693015c0b0c867",
            "version": 1
        },
        "173": {
            "file": "dunjun.mid",
            "crc": -1297852286,
            "sha256": "ec51f6697d0f0ca1b7edb35f2ff2c9d181b608f0c7c70e8f11fdf03b94f2304d",
            "version": 1
        },
        "174": {
            "file": "desert voyage.mid",
            "crc": -1502986295,
            "sha256": "a21ba5bb90c815100281b8d3a15b8202844822990a626fb0e81d2511065368f7",
            "version": 1
        },
        "175": {
            "file": "spirit.mid",
            "crc": -720346003,
            "sha256": "f59d06ae37576242bd0e8085fa099fb9c8f8359298993eda076f3b0041f93e77",
            "version": 1
        },
        "176": {
            "file": "undercurrent.mid",
            "crc": -747824530,
            "sha256": "4a74dc85cb7b3796bdc2a194aceb0e4faf636486f8fd9a809d0a101c4aef94e9",
            "version": 1
        },
        "177": {
            "file": "adventure.mid",
            "crc": -1005861276,
            "sha256": "95ac97ce80d208e0dc2381a158ef8f61c888a9d556871c918cc927c479a56036",
            "version": 1
        },
        "178": {
            "file": "courage.mid",
            "crc": -1545490883,
            "sha256": "eaec33ce77f051ae92f25545218d5705268bfb00c74db8f9557753c48710613b",
            "version": 1
        },
        "179": {
            "file": "underground.mid",
            "crc": 1255802445,
            "sha256": "66984e4c0f62a52d31cc503dd80a41a8ea845ee514459466cb98077850b3accf",
            "version": 1
        },
        "180": {
            "file": "attention.mid",
            "crc": -1341556350,
            "sha256": "5f9a19743477fba3eaa237e6e8230d733ce9158af38a736c613a274dcfde0ddb",
            "version": 1
        },
        "181": {
            "file": "crystal cave.mid",
            "crc": 1890916045,
            "sha256": "1cb0ad93d32851b9199cebced79ec857f65eda6f1a6827b8291aa965ce297a78",
            "version": 1
        },
        "182": {
            "file": "dangerous.mid",
            "crc": 345516052,
            "sha256": "e5491f7ee5e923c44e61c8c5a50173b39e3e00d1b60d27f22ee48b70212748d8",
            "version": 1
        },
        "183": {
            "file": "troubled.mid",
            "crc": 1341941529,
            "sha256": "c9de14c0e9d32c009315ea668271333617f4441263db70c84468e5eb7b2c35de",
            "version": 1
        },
        "184": {
            "file": "magical journey.mid",
            "crc": -1608374830,
            "sha256": "68a1140c257c65ee0489df9ff5943c2bacb6831f83fac2760de6c08abbeb84aa",
            "version": 1
        },
        "185": {
            "file": "magic dance.mid",
            "crc": 645471809,
            "sha256": "a6cd5a0f87394016c251b5b0d0d6d9cf5adab7baa7405639b3478d1d97956225",
            "version": 1
        },
        "186": {
            "file": "arrival.mid",
            "crc": -485907188,
            "sha256": "3727accd9204831aa0dcb9386e409230e48d052302d5b7b71acc3a5be86c23b5",
            "version": 1
        },
        "187": {
            "file": "tremble.mid",
            "crc": -263390369,
            "sha256": "5c8e99397c1330706060764031c71373c7916a82a15d5e54181cd28256be6004",
            "version": 1
        },
        "188": {
            "file": "in the manor.mid",
            "crc": 1707100559,
            "sha256": "c1934e93740bc083e5b1f1ff0b79aeb72f32f91fa4baa4bca1ed5139d1576c9a",
            "version": 1
        },
        "189": {
            "file": "wolf mountain.mid",
            "crc": 2036742094,
            "sha256": "f1f841e7eef1e6ac4df1ebcc8118bd5c26423bd35cab8c34a6eb0e2442431d6f",
            "version": 1
        },
        "190": {
            "file": "heart and mind.mid",
            "crc": 1074252480,
            "sha256": "debca051d8ade2c16db64bdbe1e6ca0bfcd1a372b9b8972567279f974b60fe56",
            "version": 1
        },
        "191": {
            "file": "knightly.mid",
            "crc": -2037569691,
            "sha256": "b4cc42630b074fb3a0b20ac0b44e7c4e88af08608a95bc0ab247f3bcedff0b2b",
            "version": 1
        },
        "192": {
            "file": "trinity.mid",
            "crc": 48271327,
            "sha256": "7076b0db5c6d72d9bf67959039a9c3a16df51bcd4216796353f459f8e5dd603d",
            "version": 1
        },
        "193": {
            "file": "mellow.mid",
            "crc": 1289366143,
            "sha256": "6c2a60570de5e4922b2e09835f97e1244c7a717ca0a2ba25c443bf7ada287bb3",
            "version": 1
        },
        "194": {
            "file": "brimstail's scales.mid",
            "crc": -1119752465,
            "sha256": "96daf216300875acbc9aa6723c7a180d435cba3da3c2aac239a5bd867c9e4e25",
            "version": 1
        },
        "195": {
            "file": "-1349658313.mid",
            "crc": 597812653,
            "sha256": "02ace5f8ae8fa61e985f7169c0ad2c33524ed35f25a52b759ddb6325def6960e",
            "version": 1
        },
        "196": {
            "file": "-1842191205.mid",
            "crc": -1803734253,
            "sha256": "e9f46ae4c162985ac6e38016ae502b94a96be18a1fe14565a3daafd67e260827",
            "version": 1
        },
        "197": {
            "file": "lament of meiyerditch.mid",
            "crc": 1149157525,
            "sha256": "3082e7822ecd86cee7120598e4c39e89cc007ebf0ecdd6811e09cbf5826e7024",
            "version": 1
        },
        "198": {
            "file": "dagannoth dawn.mid",
            "crc": -275259459,
            "sha256": "e6ecdfea92f47dd54b56cb2a24d2bb1d5817acf8e30ec6eb0db9c8f6bd042fa0",
            "version": 1
        },
        "200": {
            "file": "the mollusc menace.mid",
            "crc": 245652180,
            "sha256": "cb40fdc7dbe667526450c37929e010f086e0635d596c6af69dfcddcf4dec5dd9",
            "version": 1
        },
        "201": {
            "file": "slug a bug ball.mid",
            "crc": 1293787598,
            "sha256": "a6fb198a30a98424e12c4e6522ee79aba93b44d2e53e465918de6569495637f5",
            "version": 1
        },
        "202": {
            "file": "prime time.mid",
            "crc": 951936072,
            "sha256": "96d6e6262127af1a9292b1b137b48bc5ce3e1c2a95a0239120b7e3c992341128",
            "version": 1
        },
        "203": {
            "file": "my arms journey.mid",
            "crc": -643455097,
            "sha256": "7bb588255f53ca9f0301c092037e8ff359ad1034b52a096c24cc49c8b6e23408",
            "version": 1
        },
        "204": {
            "file": "roc and roll.mid",
            "crc": -741416928,
            "sha256": "462f34f917dbabe0264457e60c543fa51ad86248a1794ab411ac236edba0c8df",
            "version": 1
        },
        "205": {
            "file": "high spirits.mid",
            "crc": -215913457,
            "sha256": "4650b828e2d2f206caa1fd7291b39036814e08e639e8c9426006ab38480b9f08",
            "version": 1
        },
        "241": {
            "file": "stagnant.mid",
            "crc": -102065867,
            "sha256": "3570092fdb99778f71078329d8c2ffbe495287d0977c092f7aaeb36e4617aa3b",
            "version": 1
        },
        "242": {
            "file": "time out.mid",
            "crc": -725322918,
            "sha256": "abc74b9bc8b927c7350100cc9f36df28d8155a97ef41b382036d47080dcabf92",
            "version": 1
        },
        "243": {
            "file": "stratosphere.mid",
            "crc": 1209021816,
            "sha256": "8b00690ff79bc35b202fba016f9c425dd7ec623716acc2a2224814678cd6e1fe",
            "version": 1
        },
        "244": {
            "file": "waterlogged.mid",
            "crc": 1391393522,
            "sha256": "839b240bb36a67a71126b83f73ec6c8fddd448aba9bc5d692b2c829b127d6c4f",
            "version": 1
        },
        "245": {
            "file": "natural.mid",
            "crc": -498126166,
            "sha256": "21ab7405cb3af1fb06cd545e19369393bd454a798aafe8a615a8c12bb5e2ceee",
            "version": 1
        },
        "246": {
            "file": "grotto.mid",
            "crc": 150255962,
            "sha256": "b995ca48a5fc06942198c588102073f94fd0fab7e80e351400bef184e8529b19",
            "version": 1
        },
        "247": {
            "file": "artistry.mid",
            "crc": 2114315524,
            "sha256": "80c364b02110853b6c335463737f0d74829ebc12161bb6a1db531d8c1a47c5b6",
            "version": 1
        },
        "248": {
            "file": "aztec.mid",
            "crc": -1477761790,
            "sha256": "cd929f6afd507e58315416de362faebf32e49307d541f69f179c9fa246c2b532",
            "version": 1
        },
        "251": {
            "file": "forest.mid",
            "crc": -115235652,
            "sha256": "61a26b94e78865cba030ffa80b2842139903ef6c9ac851cc5e46359c23d64f42",
            "version": 1
        },
        "252": {
            "file": "elven mist.mid",
            "crc": -2111728814,
            "sha256": "31ba858b1772ea215eef84b247ca463c4cc70450edcd0b3f04950d6246b23caa",
            "version": 1
        },
        "253": {
            "file": "lost soul.mid",
            "crc": -1197673994,
            "sha256": "85bb24d247b66a1fd97a9fb877856ff3c0dca0d9f3bf73897fd04c6de04808ca",
            "version": 1
        },
        "254": {
            "file": "meridian.mid",
            "crc": -692377442,
            "sha256": "e6e9cfd85c03748f28710f2652ce4aa6d2c9b3ed6dcba527e78ce4b41607ab83",
            "version": 1
        },
        "255": {
            "file": "woodland.mid",
            "crc": -1166902023,
            "sha256": "083b84efdcfc3bed3439f069a997e4ff5439f9df99625a1ae51e0c09e1413531",
            "version": 1
        },
        "256": {
            "file": "overpass.mid",
            "crc": 747446242,
            "sha256": "46a836fc7bd1f5c78e15170e26af7d38470f55deea55066306f77baf018089ef",
            "version": 1
        },
        "257": {
            "file": "sojourn.mid",
            "crc": -1595943894,
            "sha256": "8b8fbd919e9547b00a60b2f3bc1a907572600bbec5772c34f7b103ee18b4f4fe",
            "version": 1
        },
        "258": {
            "file": "contest.mid",
            "crc": 368684687,
            "sha256": "e6be40e6411f4a2dc4d8b7a9cd77e9ca35ca6a8ef5a8613083cea40c8b14915c",
            "version": 1
        },
        "259": {
            "file": "crystal castle.mid",
            "crc": 2140489752,
            "sha256": "834e6f23f3238f8d8ae25f3179d6ed4e5402b65d5d546d8538cc3ba3da4df61e",
            "version": 1
        },
        "260": {
            "file": "insect queen.mid",
            "crc": 1126447502,
            "sha256": "e44354e2f1e29c111d492f10a185feab423cb2da42282cbb521c1bed969ba8bd",
            "version": 1
        },
        "261": {
            "file": "marzipan.mid",
            "crc": -1239135414,
            "sha256": "c9a1d9ffafc7bfdc585059230c54c7227fc307c53f5081e84ca447e4efc52f88",
            "version": 1
        },
        "262": {
            "file": "righteousness.mid",
            "crc": 983662568,
            "sha256": "03ce7edbfba7108a4bd04b3c89dd457002055f6f7bce09691c5491cd0c21bd84",
            "version": 1
        },
        "263": {
            "file": "bandit camp.mid",
            "crc": 879363495,
            "sha256": "00f99acc5e98ca296741e109df5e45fcdb7a16878892ad7e1ea2b5a34ec12245",
            "version": 1
        },
        "264": {
            "file": "mad eadgar.mid",
            "crc": 288785267,
            "sha256": "3a1038cc057d3997abf7603d8aee345036cfb00181760a162f69da93ce5ce39f",
            "version": 1
        },
        "265": {
            "file": "superstition.mid",
            "crc": 2013739357,
            "sha256": "cab60b444a93e1b48e1f5fd16009776bbfced9b771d17e05594c8b65a038b40f",
            "version": 1
        },
        "266": {
            "file": "bone dry.mid",
            "crc": 2080574897,
            "sha256": "63940d648be7cbeed7e85501e18058962b10450fb4e764276ad17f3d8a9cde26",
            "version": 1
        },
        "267": {
            "file": "sunburn.mid",
            "crc": 350345774,
            "sha256": "b6f4afd50787046e593c3b659b33897cb5febeb01056d5d9a46c48f2bb94b018",
            "version": 1
        },
        "268": {
            "file": "everywhere.mid",
            "crc": 1493550186,
            "sha256": "5ba9a71b35b615e1fa56799ba1d370fc0d2b5f160e49883074993334c5f76f54",
            "version": 1
        },
        "269": {
            "file": "competition.mid",
            "crc": 1245123472,
            "sha256": "efa9dc173e544739f78348c34c5909cee942bfa1f7f02fdfa80bb0505f248999",
            "version": 1
        },
        "270": {
            "file": "exposed.mid",
            "crc": -166342982,
            "sha256": "541ef1ce1dcfd44a149ba51da05a3b8e78141d6cb4aa6daf751c111256385d11",
            "version": 1
        },
        "271": {
            "file": "well of voyage.mid",
            "crc": 918218573,
            "sha256": "2852ea81966587d7fcf1e25f8b91954b9d7999c649403df1ef78dc22823b03f7",
            "version": 1
        },
        "277": {
            "file": "haunted mine.mid",
            "crc": 1820263323,
            "sha256": "d73f87781f5c06068e6e7897a91f99838b41e960bc829d862bd3c7aecdf2c7d6",
            "version": 1
        },
        "278": {
            "file": "deep down.mid",
            "crc": -822346740,
            "sha256": "6327dc219d6d858b78d6eec08b43c823e67d7683f486aa9591acbc347cdc51cf",
            "version": 1
        },
        "282": {
            "file": "chamber.mid",
            "crc": -258088395,
            "sha256": "d40125227597967a19842eefba06a86e353945839c2cb6fef0727c77a1045678",
            "version": 1
        },
        "284": {
            "file": "miscellania.mid",
            "crc": -6697541,
            "sha256": "4fde18ca6b4932b414b502240a8e8aa383c77944e308f04f98c7719815a84f64",
            "version": 1
        },
        "285": {
            "file": "etcetera.mid",
            "crc": -166992867,
            "sha256": "64117629b792d55834f30283bb1ec4e85164b5c93e11ab2b15d0f025f37fa388",
            "version": 1
        },
        "286": {
            "file": "shadowland.mid",
            "crc": -1321668317,
            "sha256": "246c25038a2e88a01301c9bc7af8f45a4f2b7f92d215722eb3c14911302013ee",
            "version": 1
        },
        "287": {
            "file": "lair.mid",
            "crc": -1540730640,
            "sha256": "911f789a0e673ca702abda3197b4d4aa2b317ef2c901f5898b3c4bd8e37c9ded",
            "version": 1
        },
        "288": {
            "file": "deadlands.mid",
            "crc": -1560456382,
            "sha256": "0204e8bddbfbe8bcaf357d438ffc03e4a61240b9aae47ac9b08bc2e605f1b597",
            "version": 1
        },
        "289": {
            "file": "rellekka.mid",
            "crc": -233708921,
            "sha256": "6044c2bf5cb76346143332b209475d5c3886ddb16ac571639eefd0defcefc32f",
            "version": 1
        },
        "290": {
            "file": "saga.mid",
            "crc": 131252845,
            "sha256": "cf77ee23b4b9e9434ce7604bb70aa756363da69141498e20f6996f11ba54194d",
            "version": 1
        },
        "291": {
            "file": "borderland.mid",
            "crc": 225031624,
            "sha256": "883cfcbdf8df16984f75ebd251e6250cdf08983c2a058977260c4411fbc2a68d",
            "version": 1
        },
        "292": {
            "file": "stranded.mid",
            "crc": 1208312553,
            "sha256": "4ea0f3477ae91826404359fc6cab8b021f588a8ce36422ceceaa7bf6b943b038",
            "version": 1
        },
        "293": {
            "file": "legend.mid",
            "crc": 1501629542,
            "sha256": "f334b8d2d90a07e557e58ed10e7a73719ee55dac11a0f6f11ae3806f2e8763ce",
            "version": 1
        },
        "294": {
            "file": "frostbite.mid",
            "crc": -921319985,
            "sha256": "f2bbf9f881a6ed0859ae298f5a0b467aae7466c464a6b1a52dd2e83c1988d948",
            "version": 1
        },
        "295": {
            "file": "warrior.mid",
            "crc": -310252051,
            "sha256": "076ca00dead51b3e4a4a0a65a8ad9e51a1a2834184c4e2feca7e0ffefe289db2",
            "version": 1
        },
        "296": {
            "file": "technology.mid",
            "crc": 839968772,
            "sha256": "858bca462500e56dffeaf30aca6a7a8fadcb3b60a786c9a32fb928b1c6ab623a",
            "version": 1
        },
        "297": {
            "file": "-1564148198.mid",
            "crc": 1370495671,
            "sha256": "85c2444a13f6531f38d6b3bb3fb571736d7b67fcbd136f1f670e497e260c4c62",
            "version": 1
        },
        "303": {
            "file": "monkey madness.mid",
            "crc": -1190585281,
            "sha256": "031a6b3bab8a7ad06cce7d4427a9c57de3ee60205733a276c975c0330cb4e6ea",
            "version": 1
        },
        "304": {
            "file": "marooned.mid",
            "crc": -1188095567,
            "sha256": "280f7436bec2912c5fd0d67f1e54027a72ca80de71e10682d8474895214cd887",
            "version": 1
        },
        "305": {
            "file": "anywhere.mid",
            "crc": -1460653551,
            "sha256": "d48316250432ff0c6e6f6b09c51f016df2ce6f62169378892f8d747fd089f587",
            "version": 1
        },
        "306": {
            "file": "island life.mid",
            "crc": 1781764852,
            "sha256": "add17404758cf2b0e7312aa969feda8084562b8b9c31d014432f3db3f3e591e5",
            "version": 1
        },
        "307": {
            "file": "temple.mid",
            "crc": 513522000,
            "sha256": "0ca2ba053fc2120d7a8b78c62eee7c134b40ec5dc2aec58bf602f02b718b800c",
            "version": 1
        },
        "308": {
            "file": "suspicious.mid",
            "crc": 1155098776,
            "sha256": "897e8a7bb4b1c1a4c9e9c46a94d088a72fabb9725594b82c91915040d4a8b2f0",
            "version": 1
        },
        "311": {
            "file": "showdown.mid",
            "crc": 2075231088,
            "sha256": "05695f8d0f244bd3d9f08d5d3a936b8cbf133fb385b6ea43bdc10e1a9495f4c6",
            "version": 1
        },
        "312": {
            "file": "find my way.mid",
            "crc": 2117377485,
            "sha256": "4022ddd02901893e1e9198637000458e1e337968a01c41bf924a26a2ff6f7dbf",
            "version": 1
        },
        "314": {
            "file": "castlewars.mid",
            "crc": -193743381,
            "sha256": "187b68f9ee19c731f692f830032bfed90d1a09873e62a9efd6673499d004b7c2",
            "version": 1
        },
        "316": {
            "file": "the navigator.mid",
            "crc": -1855393272,
            "sha256": "444ea7cd899fc61f4d90e6aa892f9035f5a661172058fbde487848df2734e6ed",
            "version": 1
        },
        "317": {
            "file": "melodrama.mid",
            "crc": 527831127,
            "sha256": "061f31a2fc49cdb21a4b028006e9199e1f578f4e12d785c2dc1b85b197d3f81d",
            "version": 1
        },
        "318": {
            "file": "ready for battle.mid",
            "crc": 1923668145,
            "sha256": "7c38a540328a002cace9c12a7fb68c5382408106707d754eddebdfec90963ef0",
            "version": 1
        },
        "319": {
            "file": "stillness.mid",
            "crc": 788790224,
            "sha256": "a8cfa0ae6a65ebffb0cfa3fde00b62cd7e6f5f5e4ffe680a5fd194c836642c5a",
            "version": 1
        },
        "320": {
            "file": "lighthouse.mid",
            "crc": 314829755,
            "sha256": "b94a76c07f7e893077245d84322ed97bb19446c312880195dc01ae65da689e3d",
            "version": 1
        },
        "321": {
            "file": "scape scared.mid",
            "crc": 378702123,
            "sha256": "e6b295342c99c15239ff5e7a88d425dcd05926b35cd5d97fee65cf1b170169d7",
            "version": 1
        },
        "322": {
            "file": "out of the deep.mid",
            "crc": -1379298284,
            "sha256": "ba6a75b2068110c37c54e3cb9011a7c56b4e309b232de3600f81e0bf96c3f82d",
            "version": 1
        },
        "323": {
            "file": "upass.mid",
            "crc": 178277152,
            "sha256": "3bf41f50064cb1bc9f1b074f6ff34852dba11e23ad50d3de32fd42a2fee48eaf",
            "version": 1
        },
        "324": {
            "file": "background.mid",
            "crc": -1132010290,
            "sha256": "a60d3ab4f41b16217c3254ba53850ba4e0d113f26d7148e84c6a19db885e6619",
            "version": 1
        },
        "325": {
            "file": "cave background.mid",
            "crc": -208512043,
            "sha256": "8d4633f1aa60da63837de2d873e5f7a62f13893c7c12c8677090d737dec63e3f",
            "version": 1
        },
        "326": {
            "file": "dark.mid",
            "crc": -1836242870,
            "sha256": "691dde91d5f1fa63663cf3f20c5a1f9d5edcded0e3e1675b27c69f0dd7b69545",
            "version": 1
        },
        "327": {
            "file": "dream.mid",
            "crc": -1885820311,
            "sha256": "a11e6b23d43efa684c90d7306228c62fdef865e41d5947bc2f5d5df3f94289e0",
            "version": 1
        },
        "328": {
            "file": "march.mid",
            "crc": -1631147731,
            "sha256": "785441c838fc5e3c329a2b41277823c4f9f7fbb26fa2a8042595de8ae25b3bec",
            "version": 1
        },
        "329": {
            "file": "regal.mid",
            "crc": 239226439,
            "sha256": "51cf3159457097cf36a6f570a29b0de88ccd3d837a10e3626b2c1742cb62b1be",
            "version": 1
        },
        "330": {
            "file": "cellar song.mid",
            "crc": 1764347911,
            "sha256": "d364b1fd7775291eeffcff2e0d2ee219b1dd7e23a86f9502e5343ef40119748d",
            "version": 1
        },
        "331": {
            "file": "scape sad.mid",
            "crc": 1315473727,
            "sha256": "64745fcca02dc3bf75e506bc4701d012412d66d0d70e73dd224f05f6b5c0f97c",
            "version": 1
        },
        "332": {
            "file": "scape wild.mid",
            "crc": -1044271372,
            "sha256": "a0469c2dbba363c3965434844c7bea40919abacbd3dead09d71a30bf1a5c6429",
            "version": 1
        },
        "333": {
            "file": "spooky.mid",
            "crc": 2025780445,
            "sha256": "067a81b8a3a05b519b5504ba232dfa7f4908ace11ec129acc14ba37842391031",
            "version": 1
        },
        "334": {
            "file": "pirates of peril.mid",
            "crc": -1491772985,
            "sha256": "0c6d88a203d5b12c54f66f0310f40309d60f5ff3fc509b52a2a1dbb696cde7f5",
            "version": 1
        },
        "335": {
            "file": "romancing the crone.mid",
            "crc": 1004983152,
            "sha256": "8f0d923b02d83b65107593f3eab7e5897579d5f416fc4e4526aca131e39dbf21",
            "version": 1
        },
        "336": {
            "file": "dangerous road.mid",
            "crc": 1437385807,
            "sha256": "9ec1b03ba6659997bad303473595c1f9867941da7cbaa41f6abc8f0e8f71d992",
            "version": 1
        },
        "337": {
            "file": "faithless.mid",
            "crc": 1495520209,
            "sha256": "b23f268df6e9a7a40095a81c5ade616d70512b37f22ceca173052dd90a6ea42e",
            "version": 1
        },
        "338": {
            "file": "tiptoe.mid",
            "crc": -1768034579,
            "sha256": "661593b5518e06db9ce80e5a04555e2ecb3962be87cc4621cf6966f99895626b",
            "version": 1
        },
        "339": {
            "file": "the terrible tower.mid",
            "crc": 2132723217,
            "sha256": "e1e2ace54c114d45981fafa3225a00151a945426644cdece02afef053ceacebb",
            "version": 1
        },
        "340": {
            "file": "masquerade.mid",
            "crc": -698456857,
            "sha256": "5056ce827022c2590a054f68b3b4c8dab35c5b3d9bcfa8a1119fa0a5c75e8443",
            "version": 1
        },
        "341": {
            "file": "the slayer.mid",
            "crc": -1920691277,
            "sha256": "502ecd41a2be1df657db1c1a78c4e3192cbff8415596d914d8379b2addf3a6de",
            "version": 1
        },
        "342": {
            "file": "body parts.mid",
            "crc": 869058663,
            "sha256": "f1202f836d592aab2a0bbfa7df3a9bc84189bc622cd5ee8d9c84058cca4d6493",
            "version": 1
        },
        "343": {
            "file": "monster melee.mid",
            "crc": -1021818862,
            "sha256": "5543a9b193fbeab4881c35929880e56c7d35d914f9cdd787f8fed075d7a5be4d",
            "version": 1
        },
        "344": {
            "file": "fenkenstrain's refrain.mid",
            "crc": -614356819,
            "sha256": "545b9757e699bab7c004a502d06033777d2751729a7d85ef7e2c6fd0661d7a24",
            "version": 1
        },
        "345": {
            "file": "barking mad.mid",
            "crc": 2097318543,
            "sha256": "c5e3cbb11101208c9d72bf4d4c158de31bb518a99e58cba114dac4f25b9354fd",
            "version": 1
        },
        "346": {
            "file": "goblin game.mid",
            "crc": -1441807755,
            "sha256": "f2b2096ce0f181ed848c01d3e4ca3c1d7d2fa09834444d7e3ac6c2e19b674fbf",
            "version": 1
        },
        "347": {
            "file": "fruits de mer.mid",
            "crc": -2142317107,
            "sha256": "53f5648301155d39455e2f25d8e7e8460adb75d2c4457eefaa704ba802d2d016",
            "version": 1
        },
        "348": {
            "file": "narnode's theme.mid",
            "crc": -529663574,
            "sha256": "8905c3715506fa3194955ba3fdcacf5a85797e6c9b8d9301edde459417661031",
            "version": 1
        },
        "351": {
            "file": "dynasty.mid",
            "crc": 666574063,
            "sha256": "648cc29a908270e00f25018c5990d7d32bf24584ea3dbdab48e2b8ddda3a399e",
            "version": 1
        },
        "352": {
            "file": "scarab.mid",
            "crc": -653101031,
            "sha256": "ebe4095ffde043566b969a070e399c80abcfe47fa6824cb4ff0e34f401a92496",
            "version": 1
        },
        "353": {
            "file": "shipwrecked.mid",
            "crc": 1193387643,
            "sha256": "e5988bd3b9cc03aa96ec43db919764da01dbdafc7414bd00e38f31a252cdaeb7",
            "version": 1
        },
        "354": {
            "file": "phasmatys.mid",
            "crc": -1807090626,
            "sha256": "971112a3e589699a30f929ff8e15974cdd26d2df9557f01b999a053495ca456e",
            "version": 1
        },
        "355": {
            "file": "the other side.mid",
            "crc": -252110683,
            "sha256": "ffd374f3d4e5eb52a761385b7516b0c3d2e671a63cab92d037d362f62da8409e",
            "version": 1
        },
        "356": {
            "file": "settlement.mid",
            "crc": 1006527847,
            "sha256": "15bbdce569ab0ef44ba73680384330297db146824598c9c509adfbfdb67c01a6",
            "version": 1
        },
        "357": {
            "file": "cave of beasts.mid",
            "crc": 543637625,
            "sha256": "1c7d3f1c74e71af6e3cce4113758fbd5b4bed791bce8da5266ece4d7b3d2e909",
            "version": 1
        },
        "358": {
            "file": "dragontooth island.mid",
            "crc": 683296681,
            "sha256": "c7e5f699fa65f9f4e8fe78c34d35d7aebdca325d9ca6b49ee0121996e0d29691",
            "version": 1
        },
        "359": {
            "file": "sarcophagus.mid",
            "crc": -735900693,
            "sha256": "2cd2014b11692269aa4c3e3253847adb4ca3850e57bc5858295d0bde1f45a5aa",
            "version": 1
        },
        "361": {
            "file": "down below.mid",
            "crc": -1479339862,
            "sha256": "1c5a793571e24adda4815b91d8b6dded26fa8a5d84c62ea778757d2a220276c7",
            "version": 1
        },
        "362": {
            "file": "karamja jam.mid",
            "crc": -1271548474,
            "sha256": "de8aa30392b3546bfa13f9863bb30f9e1270b1b7c59ac89edef7d8eb4a3703b3",
            "version": 1
        },
        "363": {
            "file": "7th realm.mid",
            "crc": -1376004538,
            "sha256": "4193f19eed408df8a98968b9c8824fcdf889728bbe2a5ebe566f0855acf22ed3",
            "version": 1
        },
        "364": {
            "file": "pathways.mid",
            "crc": 678302111,
            "sha256": "9910d1bd35d8ebb4eff516b95eccb39946f190d5ff1a8b254d632263cc6df569",
            "version": 1
        },
        "366": {
            "file": "eagle peak.mid",
            "crc": -2128505459,
            "sha256": "1aeed2010d5933c2b5696ccf9a2b5810c25f369b68ab8841fba4728ab5b58056",
            "version": 1
        },
        "369": {
            "file": "time to mine.mid",
            "crc": -985052018,
            "sha256": "3bbdf59c087a5f7c8e0a1cfc937c71e019c608cbfc3adb35a25f7674a335dba0",
            "version": 1
        },
        "370": {
            "file": "in between.mid",
            "crc": -341130077,
            "sha256": "3e1677d7c502457b9b3cc4b562c36d465fac05cbe384fd31336a7142043adca8",
            "version": 1
        },
        "372": {
            "file": "far away.mid",
            "crc": -866711317,
            "sha256": "1635a9d487e31baf24007c18f1bc25d7516aa4874265de6da82516ae4bb7c1bc",
            "version": 1
        },
        "373": {
            "file": "claustrophobia.mid",
            "crc": -228436730,
            "sha256": "144ac632fcd21c53de31408837a5e6dfa464f546468bdf44193016d0a22c053c",
            "version": 1
        },
        "375": {
            "file": "fight or flight.mid",
            "crc": -788624910,
            "sha256": "8267a052fb0153aca3274d26a5d2d138715a3234781404528fab6172f42564d5",
            "version": 1
        },
        "376": {
            "file": "temple of light.mid",
            "crc": -114162647,
            "sha256": "ca7441dc0e292c57e0ec78be4e4a6494ecfc3172697aae24f5a51524c38f3be6",
            "version": 1
        },
        "377": {
            "file": "the golem.mid",
            "crc": 1613397312,
            "sha256": "a6735d1707b5e4d581e356ff79cf39be346a7c6f269ffbb723c6c6436d04f3fa",
            "version": 1
        },
        "378": {
            "file": "forgotten.mid",
            "crc": -898569096,
            "sha256": "2c4b8a66a46a258fcdfe4cfbd323060c26b6960f1ab62ec4216109b9351d8065",
            "version": 1
        },
        "379": {
            "file": "throne of the demon.mid",
            "crc": -1339466969,
            "sha256": "1f2abef975a8ba0b7ef8caf67325cb15df5a0c0a716114bd89975afc6277f17f",
            "version": 1
        },
        "380": {
            "file": "dance of the undead.mid",
            "crc": -429877682,
            "sha256": "e232d9720378399000e02866e0262818fcbe2a9aa875064ec0369cb8eb11dcd5",
            "version": 1
        },
        "381": {
            "file": "dangerous way.mid",
            "crc": -1208648044,
            "sha256": "f7e1acc410f10eb7bd50929d4451156b39ca10862361b12277705d4aac2d09b5",
            "version": 1
        },
        "383": {
            "file": "city of the dead.mid",
            "crc": -140003327,
            "sha256": "fd6574222e99b78a861810be2aa2374402bda6960198c95bf1e7044d0514f0ba",
            "version": 1
        },
        "384": {
            "file": "hypnotized.mid",
            "crc": 684193485,
            "sha256": "0af1d5f07a9ec7f2a517432f5adfd400d01ecc05e42c6eede85ab3f8f9ede9ce",
            "version": 1
        },
        "387": {
            "file": "sphinx.mid",
            "crc": 1467342098,
            "sha256": "eb0e1718ee2cc7b6ea76dacb23b970f7d9b289636d114f9e362344db5f77b2ac",
            "version": 1
        },
        "388": {
            "file": "mirage.mid",
            "crc": -470874483,
            "sha256": "5e2be9c24413aa8a78474bc780e7339acd8ff05e0546737b0a1dbf14be276b43",
            "version": 1
        },
        "389": {
            "file": "cave of the goblins.mid",
            "crc": -1056066770,
            "sha256": "6e2da36c7002de0e83533a6508e26b9d3b5eb4b0065a6f5d175fd957b44a77d8",
            "version": 1
        },
        "390": {
            "file": "romper chomper.mid",
            "crc": -847342949,
            "sha256": "2f110a9eb350345e366d2a1b0e7d53046e5ca4be52a965d1c1ba0f3c5c5a6420",
            "version": 1
        },
        "392": {
            "file": "zogre dance.mid",
            "crc": 738460792,
            "sha256": "b75b85bb0a40a13f1256018412bde654b232cb6b97e0d1d104cacb3bbf26ab3f",
            "version": 1
        },
        "393": {
            "file": "path of peril.mid",
            "crc": -1124956662,
            "sha256": "93893a4ef6d12b6af17172173579eb56921bf51931e86c54f0fad72915456988",
            "version": 1
        },
        "394": {
            "file": "wayward.mid",
            "crc": -799381535,
            "sha256": "d19a172ab48fea94d07fdace8adcf5bd828d1caf0baebb2e713c6c5b7922befd",
            "version": 1
        },
        "395": {
            "file": "tale of keldagrim.mid",
            "crc": 71415260,
            "sha256": "950060396b3a1dbddf901f14be6a2900a584aed9f615d5f2bdc1a5f497c61ab9",
            "version": 1
        },
        "396": {
            "file": "land of the dwarves.mid",
            "crc": -268274659,
            "sha256": "195bcaed7ecbf1d63f88bd5c9e14f36edc228f5e514cd362b31fd4b633292a63",
            "version": 1
        },
        "397": {
            "file": "tears of guthix.mid",
            "crc": -873503614,
            "sha256": "b2a6ff7164703ff75d9a0089b4330ba308b94bab5846d6c22aebbb6e4f7b354b",
            "version": 1
        },
        "398": {
            "file": "the power of tears.mid",
            "crc": 1285983773,
            "sha256": "5be51a9cd483c8fd3a8b50e43e608e0104b3e1129a84c5743b0d3ae7442094ce",
            "version": 1
        },
        "400": {
            "file": "scape original.mid",
            "crc": -1864707364,
            "sha256": "28642851b230dbd68c5d46cbbbe392a75bf4ce9231e6fb0271a94ecebc0869bd",
            "version": 1
        },
        "401": {
            "file": "the adventurer.mid",
            "crc": -189445804,
            "sha256": "4cd6cb7f2df5fccdb0dbfc8967d39e7f4cb28237ed8a6c2e9f5a09710091f0fa",
            "version": 1
        },
        "402": {
            "file": "the rogues den.mid",
            "crc": -927296838,
            "sha256": "cb0bb7f460357479100f31b1204ba6c809f7744b92dfcc32c2ad82c5e08d359f",
            "version": 1
        },
        "403": {
            "file": "the far side.mid",
            "crc": 860947399,
            "sha256": "2ed72b2e2e6da14e1643f7912768b8c2c40a76c9f9b8839dd6413002c01d6960",
            "version": 1
        },
        "406": {
            "file": "1498787169.mid",
            "crc": -971403725,
            "sha256": "8d7f04488cef3b0b14fc60ccc50a9f708bfbc030e892df6f931028c240e0b03f",
            "version": 1
        },
        "407": {
            "file": "the lost melody.mid",
            "crc": 63286356,
            "sha256": "daee77460dee32181c0d557c3d65629e44921882fb584f79a8f2ed7fe28f7822",
            "version": 1
        },
        "409": {
            "file": "frogland.mid",
            "crc": 1728230782,
            "sha256": "d56b669563b63128e87731cd3d16bac353c9a59ba2967e2737aec732db84a268",
            "version": 1
        },
        "410": {
            "file": "1921157304.mid",
            "crc": 460913304,
            "sha256": "54650ff1bc30eac31d3ae5b91df007161b9a367373d7d288d8d6623e98192c70",
            "version": 1
        },
        "411": {
            "file": "evil bobs island.mid",
            "crc": 444695674,
            "sha256": "214622aee7d1b28499a985a6082ba16f64ff63c56c08f6a126b40c30329c3c7a",
            "version": 1
        },
        "412": {
            "file": "into the abyss.mid",
            "crc": 420499787,
            "sha256": "7612fbec4c6f69d36ff93f7e690c632b0d85be73c1d2093c48db535b61975a37",
            "version": 1
        },
        "413": {
            "file": "the quizmaster.mid",
            "crc": 1308935802,
            "sha256": "9f03838169bb1017fd462a02a74a8275e615d401e4613a6f6e8473c93f525bc8",
            "version": 1
        },
        "415": {
            "file": "athletes foot.mid",
            "crc": -1942205188,
            "sha256": "51d343d3deb1eadc99de8e657ea150f0dc61eaea50d83adfb79eada11f28d049",
            "version": 1
        },
        "418": {
            "file": "corporal punishment.mid",
            "crc": -1666353612,
            "sha256": "05b44b4e85e41f39a314a36d5b050f25f1e539bc27b643b9b7636567e7dea5c6",
            "version": 1
        },
        "419": {
            "file": "pheasant peasant.mid",
            "crc": 1204940080,
            "sha256": "0e808f9427e97eb2d00433fa1abd126345ee5a04c66fee1c9566b3ba1b93037f",
            "version": 1
        },
        "420": {
            "file": "the lost tribe.mid",
            "crc": 387039302,
            "sha256": "758b5f1df29c77716f27da106db5aad7e30e19a922a701f2d77dc0528657ee3b",
            "version": 1
        },
        "425": {
            "file": "the chosen.mid",
            "crc": 1814414854,
            "sha256": "8ee9e34f77b123314ffd9121437122ac5cc8aa2399409e5ceed39057ee53176d",
            "version": 1
        },
        "434": {
            "file": "have a blast.mid",
            "crc": -540587643,
            "sha256": "4563ab9f747abc27c7b3840af498b58321082ccdafe0edd24b71fd291ea65151",
            "version": 1
        },
        "435": {
            "file": "wilderness.mid",
            "crc": 25260371,
            "sha256": "0a07424efd03d6196bf15ed88fc42070d1baa666c06ebf3b01c14a9d5c8dc9da",
            "version": 1
        },
        "436": {
            "file": "forgettable melody.mid",
            "crc": 456797481,
            "sha256": "a77b2fb2e47e6ad1861fe0fbc9d2c324b2e9c38e43790c388b594097176bbf60",
            "version": 1
        },
        "438": {
            "file": "-2012159921.mid",
            "crc": -1482532930,
            "sha256": "58c46170fb1f6224f0c88c8d7bf34c9c5cdd122fef630150a9f68402a6bc633d",
            "version": 1
        },
        "447": {
            "file": "over to nardah.mid",
            "crc": -1340039443,
            "sha256": "68697790807d55dde06114669ecc511c55b9ae993e39e1f21c5c50d693f83f0d",
            "version": 1
        },
        "448": {
            "file": "scape main.mid",
            "version": 0,
            "crc": -565907270,
            "sha256": "e932e57ae9c4cc398283d93ab41c898992b0dc0befd738e9f6fb738cb0b030f3"
        }
    }
}