{
    "indexId": 6,
    "name": "music",
    "fileCompression": "gzip",
    "fileExtension": ".mid",
    "format": 5,
    "version": 0,
    "settings": 1,
    "files": {
        "0": {
            "file": "scape main.mid",
            "version": 1
        },
        "1": {
            "file": "iban.mid",
            "version": 1
        },
        "2": {
            "file": "autumn voyage.mid",
            "version": 1
        },
        "3": {
            "file": "unknown land.mid",
            "version": 1
        },
        "4": {
            "file": "hells bells.mid",
            "version": 1
        },
        "5": {
            "file": "sad meadow.mid",
            "version": 1
        },
        "6": {
            "file": "jollyr.mid",
            "version": 1
        },
        "7": {
            "file": "overture.mid",
            "version": 1
        },
        "8": {
            "file": "wildwood.mid",
            "version": 1
        },
        "9": {
            "file": "kingdom.mid",
            "version": 1
        },
        "10": {
            "file": "moody.mid",
            "version": 1
        },
        "11": {
            "file": "spooky2.mid",
            "version": 1
        },
        "12": {
            "file": "long way home.mid",
            "version": 1
        },
        "13": {
            "file": "mage arena.mid",
            "version": 1
        },
        "14": {
            "file": "witching.mid",
            "version": 1
        },
        "15": {
            "file": "workshop.mid",
            "version": 1
        },
        "16": {
            "file": "627705588.mid",
            "version": 1
        },
        "17": {
            "file": "escape.mid",
            "version": 1
        },
        "18": {
            "file": "horizon.mid",
            "version": 1
        },
        "19": {
            "file": "arabique.mid",
            "version": 1
        },
        "20": {
            "file": "lullaby.mid",
            "version": 1
        },
        "21": {
            "file": "monarch waltz.mid",
            "version": 1
        },
        "22": {
            "file": "gnome king.mid",
            "version": 1
        },
        "23": {
            "file": "fe fi fo fum.mid",
            "version": 1
        },
        "24": {
            "file": "attack1.mid",
            "version": 1
        },
        "25": {
            "file": "attack2.mid",
            "version": 1
        },
        "26": {
            "file": "attack3.mid",
            "version": 1
        },
        "27": {
            "file": "attack4.mid",
            "version": 1
        },
        "28": {
            "file": "attack5.mid",
            "version": 1
        },
        "29": {
            "file": "attack6.mid",
            "version": 1
        },
        "30": {
            "file": "voodoo cult.mid",
            "version": 1
        },
        "32": {
            "file": "voyage.mid",
            "version": 1
        },
        "33": {
            "file": "gnome village.mid",
            "version": 1
        },
        "34": {
            "file": "wonder.mid",
            "version": 1
        },
        "35": {
            "file": "sea shanty2.mid",
            "version": 1
        },
        "36": {
            "file": "arabian.mid",
            "version": 1
        },
        "37": {
            "file": "deep wildy.mid",
            "version": 1
        },
        "38": {
            "file": "trawler.mid",
            "version": 1
        },
        "39": {
            "file": "345324413.mid",
            "version": 1
        },
        "40": {
            "file": "345324414.mid",
            "version": 1
        },
        "41": {
            "file": "expecting.mid",
            "version": 1
        },
        "42": {
            "file": "wilderness2.mid",
            "version": 1
        },
        "43": {
            "file": "wilderness3.mid",
            "version": 1
        },
        "44": {
            "file": "right on track.mid",
            "version": 1
        },
        "45": {
            "file": "venture2.mid",
            "version": 1
        },
        "46": {
            "file": "harmony2.mid",
            "version": 1
        },
        "47": {
            "file": "duel arena.mid",
            "version": 1
        },
        "48": {
            "file": "morytania.mid",
            "version": 1
        },
        "49": {
            "file": "wander.mid",
            "version": 1
        },
        "50": {
            "file": "al kharid.mid",
            "version": 1
        },
        "51": {
            "file": "trawler minor.mid",
            "version": 1
        },
        "52": {
            "file": "serene.mid",
            "version": 1
        },
        "53": {
            "file": "royale.mid",
            "version": 1
        },
        "54": {
            "file": "scape soft.mid",
            "version": 1
        },
        "55": {
            "file": "high seas.mid",
            "version": 1
        },
        "56": {
            "file": "doorways.mid",
            "version": 1
        },
        "57": {
            "file": "rune essence.mid",
            "version": 1
        },
        "58": {
            "file": "nomad.mid",
            "version": 1
        },
        "59": {
            "file": "cursed.mid",
            "version": 1
        },
        "60": {
            "file": "lasting.mid",
            "version": 1
        },
        "61": {
            "file": "village.mid",
            "version": 1
        },
        "62": {
            "file": "newbie melody.mid",
            "version": 1
        },
        "63": {
            "file": "chain of command.mid",
            "version": 1
        },
        "64": {
            "file": "book of spells.mid",
            "version": 1
        },
        "65": {
            "file": "miracle dance.mid",
            "version": 1
        },
        "66": {
            "file": "legion.mid",
            "version": 1
        },
        "67": {
            "file": "close quarters.mid",
            "version": 1
        },
        "68": {
            "file": "cavern.mid",
            "version": 1
        },
        "69": {
            "file": "egypt.mid",
            "version": 1
        },
        "70": {
            "file": "upcoming.mid",
            "version": 1
        },
        "71": {
            "file": "chompy hunt.mid",
            "version": 1
        },
        "72": {
            "file": "fanfare.mid",
            "version": 1
        },
        "73": {
            "file": "alls fairy in love n war.mid",
            "version": 1
        },
        "74": {
            "file": "lightwalk.mid",
            "version": 1
        },
        "75": {
            "file": "venture.mid",
            "version": 1
        },
        "76": {
            "file": "harmony.mid",
            "version": 1
        },
        "77": {
            "file": "splendour.mid",
            "version": 1
        },
        "78": {
            "file": "reggae.mid",
            "version": 1
        },
        "79": {
            "file": "the desert.mid",
            "version": 1
        },
        "80": {
            "file": "soundscape.mid",
            "version": 1
        },
        "81": {
            "file": "wonderous.mid",
            "version": 1
        },
        "82": {
            "file": "waterfall.mid",
            "version": 1
        },
        "83": {
            "file": "big chords.mid",
            "version": 1
        },
        "84": {
            "file": "dead quiet.mid",
            "version": 1
        },
        "85": {
            "file": "vision.mid",
            "version": 1
        },
        "86": {
            "file": "dimension x.mid",
            "version": 1
        },
        "87": {
            "file": "ice melody.mid",
            "version": 1
        },
        "88": {
            "file": "twilight.mid",
            "version": 1
        },
        "89": {
            "file": "reggae2.mid",
            "version": 1
        },
        "90": {
            "file": "ambient jungle.mid",
            "version": 1
        },
        "91": {
            "file": "riverside.mid",
            "version": 1
        },
        "92": {
            "file": "sea shanty.mid",
            "version": 1
        },
        "93": {
            "file": "parade.mid",
            "version": 1
        },
        "94": {
            "file": "tribal2.mid",
            "version": 1
        },
        "95": {
            "file": "intrepid.mid",
            "version": 1
        },
        "96": {
            "file": "inspiration.mid",
            "version": 1
        },
        "97": {
            "file": "hermit.mid",
            "version": 1
        },
        "98": {
            "file": "forever.mid",
            "version": 1
        },
        "99": {
            "file": "baroque.mid",
            "version": 1
        },
        "100": {
            "file": "beyond.mid",
            "version": 1
        },
        "101": {
            "file": "gnome village2.mid",
            "version": 1
        },
        "102": {
            "file": "alone.mid",
            "version": 1
        },
        "103": {
            "file": "oriental.mid",
            "version": 1
        },
        "104": {
            "file": "camelot.mid",
            "version": 1
        },
        "105": {
            "file": "tomorrow.mid",
            "version": 1
        },
        "106": {
            "file": "expanse.mid",
            "version": 1
        },
        "107": {
            "file": "miles away.mid",
            "version": 1
        },
        "108": {
            "file": "starlight.mid",
            "version": 1
        },
        "109": {
            "file": "theme.mid",
            "version": 1
        },
        "110": {
            "file": "serenade.mid",
            "version": 1
        },
        "111": {
            "file": "still night.mid",
            "version": 1
        },
        "112": {
            "file": "gnomeball.mid",
            "version": 1
        },
        "113": {
            "file": "lightness.mid",
            "version": 1
        },
        "114": {
            "file": "jungly1.mid",
            "version": 1
        },
        "115": {
            "file": "jungly2.mid",
            "version": 1
        },
        "116": {
            "file": "greatness.mid",
            "version": 1
        },
        "117": {
            "file": "jungly3.mid",
            "version": 1
        },
        "118": {
            "file": "faerie.mid",
            "version": 1
        },
        "119": {
            "file": "fishing.mid",
            "version": 1
        },
        "120": {
            "file": "shining.mid",
            "version": 1
        },
        "121": {
            "file": "forbidden.mid",
            "version": 1
        },
        "122": {
            "file": "shine.mid",
            "version": 1
        },
        "123": {
            "file": "arabian2.mid",
            "version": 1
        },
        "124": {
            "file": "arabian3.mid",
            "version": 1
        },
        "125": {
            "file": "garden.mid",
            "version": 1
        },
        "126": {
            "file": "we are the fairies.mid",
            "version": 1
        },
        "127": {
            "file": "nightfall.mid",
            "version": 1
        },
        "128": {
            "file": "grumpy.mid",
            "version": 1
        },
        "129": {
            "file": "spookyjungle.mid",
            "version": 1
        },
        "130": {
            "file": "tree spirits.mid",
            "version": 1
        },
        "131": {
            "file": "understanding.mid",
            "version": 1
        },
        "132": {
            "file": "breeze.mid",
            "version": 1
        },
        "133": {
            "file": "the tower.mid",
            "version": 1
        },
        "134": {
            "file": "la mort.mid",
            "version": 1
        },
        "138": {
            "file": "emperor.mid",
            "version": 1
        },
        "140": {
            "file": "talking forest.mid",
            "version": 1
        },
        "141": {
            "file": "barbarianism.mid",
            "version": 1
        },
        "142": {
            "file": "complication.mid",
            "version": 1
        },
        "143": {
            "file": "down to earth.mid",
            "version": 1
        },
        "144": {
            "file": "scape cave.mid",
            "version": 1
        },
        "145": {
            "file": "yesteryear.mid",
            "version": 1
        },
        "146": {
            "file": "zealot.mid",
            "version": 1
        },
        "147": {
            "file": "silence.mid",
            "version": 1
        },
        "148": {
            "file": "emotion.mid",
            "version": 1
        },
        "149": {
            "file": "principality.mid",
            "version": 1
        },
        "150": {
            "file": "mouse trap.mid",
            "version": 1
        },
        "151": {
            "file": "start.mid",
            "version": 1
        },
        "152": {
            "file": "ballad of enchantment.mid",
            "version": 1
        },
        "153": {
            "file": "expedition.mid",
            "version": 1
        },
        "154": {
            "file": "bone dance.mid",
            "version": 1
        },
        "155": {
            "file": "neverland.mid",
            "version": 1
        },
        "156": {
            "file": "mausoleum.mid",
            "version": 1
        },
        "157": {
            "file": "medieval.mid",
            "version": 1
        },
        "158": {
            "file": "quest.mid",
            "version": 1
        },
        "159": {
            "file": "gaol.mid",
            "version": 1
        },
        "160": {
            "file": "army of darkness.mid",
            "version": 1
        },
        "161": {
            "file": "long ago.mid",
            "version": 1
        },
        "162": {
            "file": "tribal background.mid",
            "version": 1
        },
        "163": {
            "file": "flute salad.mid",
            "version": 1
        },
        "164": {
            "file": "landlubber.mid",
            "version": 1
        },
        "165": {
            "file": "tribal.mid",
            "version": 1
        },
        "166": {
            "file": "fanfare2.mid",
            "version": 1
        },
        "167": {
            "file": "fanfare3.mid",
            "version": 1
        },
        "168": {
            "file": "lonesome.mid",
            "version": 1
        },
        "169": {
            "file": "crystal sword.mid",
            "version": 1
        },
        "170": {
            "file": "the shadow.mid",
            "version": 1
        },
        "171": {
            "file": "null.mid",
            "version": 1
        },
        "172": {
            "file": "jungle island.mid",
            "version": 1
        },
        "173": {
            "file": "dunjun.mid",
            "version": 1
        },
        "174": {
            "file": "desert voyage.mid",
            "version": 1
        },
        "175": {
            "file": "spirit.mid",
            "version": 1
        },
        "176": {
            "file": "undercurrent.mid",
            "version": 1
        },
        "177": {
            "file": "adventure.mid",
            "version": 1
        },
        "178": {
            "file": "courage.mid",
            "version": 1
        },
        "179": {
            "file": "underground.mid",
            "version": 1
        },
        "180": {
            "file": "attention.mid",
            "version": 1
        },
        "181": {
            "file": "crystal cave.mid",
            "version": 1
        },
        "182": {
            "file": "dangerous.mid",
            "version": 1
        },
        "183": {
            "file": "troubled.mid",
            "version": 1
        },
        "184": {
            "file": "magical journey.mid",
            "version": 1
        },
        "185": {
            "file": "magic dance.mid",
            "version": 1
        },
        "186": {
            "file": "arrival.mid",
            "version": 1
        },
        "187": {
            "file": "tremble.mid",
            "version": 1
        },
        "188": {
            "file": "in the manor.mid",
            "version": 1
        },
        "189": {
            "file": "wolf mountain.mid",
            "version": 1
        },
        "190": {
            "file": "heart and mind.mid",
            "version": 1
        },
        "191": {
            "file": "knightly.mid",
            "version": 1
        },
        "192": {
            "file": "trinity.mid",
            "version": 1
        },
        "193": {
            "file": "mellow.mid",
            "version": 1
        },
        "194": {
            "file": "brimstail's scales.mid",
            "version": 1
        },
        "195": {
            "file": "-1349658313.mid",
            "version": 1
        },
        "196": {
            "file": "-1842191205.mid",
            "version": 1
        },
        "197": {
            "file": "lament of meiyerditch.mid",
            "version": 1
        },
        "198": {
            "file": "dagannoth dawn.mid",
            "version": 1
        },
        "200": {
            "file": "the mollusc menace.mid",
            "version": 1
        },
        "201": {
            "file": "slug a bug ball.mid",
            "version": 1
        },
        "202": {
            "file": "prime time.mid",
            "version": 1
        },
        "203": {
            "file": "my arms journey.mid",
            "version": 1
        },
        "204": {
            "file": "roc and roll.mid",
            "version": 1
        },
        "205": {
            "file": "high spirits.mid",
            "version": 1
        },
        "241": {
            "file": "stagnant.mid",
            "version": 1
        },
        "242": {
            "file": "time out.mid",
            "version": 1
        },
        "243": {
            "file": "stratosphere.mid",
            "version": 1
        },
        "244": {
            "file": "waterlogged.mid",
            "version": 1
        },
        "245": {
            "file": "natural.mid",
            "version": 1
        },
        "246": {
            "file": "grotto.mid",
            "version": 1
        },
        "247": {
            "file": "artistry.mid",
            "version": 1
        },
        "248": {
            "file": "aztec.mid",
            "version": 1
        },
        "251": {
            "file": "forest.mid",
            "version": 1
        },
        "252": {
            "file": "elven mist.mid",
            "version": 1
        },
        "253": {
            "file": "lost soul.mid",
            "version": 1
        },
        "254": {
            "file": "meridian.mid",
            "version": 1
        },
        "255": {
            "file": "woodland.mid",
            "version": 1
        },
        "256": {
            "file": "overpass.mid",
            "version": 1
        },
        "257": {
            "file": "sojourn.mid",
            "version": 1
        },
        "258": {
            "file": "contest.mid",
            "version": 1
        },
        "259": {
            "file": "crystal castle.mid",
            "version": 1
        },
        "260": {
            "file": "insect queen.mid",
            "version": 1
        },
        "261": {
            "file": "marzipan.mid",
            "version": 1
        },
        "262": {
            "file": "righteousness.mid",
            "version": 1
        },
        "263": {
            "file": "bandit camp.mid",
            "version": 1
        },
        "264": {
            "file": "mad eadgar.mid",
            "version": 1
        },
        "265": {
            "file": "superstition.mid",
            "version": 1
        },
        "266": {
            "file": "bone dry.mid",
            "version": 1
        },
        "267": {
            "file": "sunburn.mid",
            "version": 1
        },
        "268": {
            "file": "everywhere.mid",
            "version": 1
        },
        "269": {
            "file": "competition.mid",
            "version": 1
        },
        "270": {
            "file": "exposed.mid",
            "version": 1
        },
        "271": {
            "file": "well of voyage.mid",
            "version": 1
        },
        "277": {
            "file": "haunted mine.mid",
            "version": 1
        },
        "278": {
            "file": "deep down.mid",
            "version": 1
        },
        "282": {
            "file": "chamber.mid",
            "version": 1
        },
        "284": {
            "file": "miscellania.mid",
            "version": 1
        },
        "285": {
            "file": "etcetera.mid",
            "version": 1
        },
        "286": {
            "file": "shadowland.mid",
            "version": 1
        },
        "287": {
            "file": "lair.mid",
            "version": 1
        },
        "288": {
            "file": "deadlands.mid",
            "version": 1
        },
        "289": {
            "file": "rellekka.mid",
            "version": 1
        },
        "290": {
            "file": "saga.mid",
            "version": 1
        },
        "291": {
            "file": "borderland.mid",
            "version": 1
        },
        "292": {
            "file": "stranded.mid",
            "version": 1
        },
        "293": {
            "file": "legend.mid",
            "version": 1
        },
        "294": {
            "file": "frostbite.mid",
            "version": 1
        },
        "295": {
            "file": "warrior.mid",
            "version": 1
        },
        "296": {
            "file": "technology.mid",
            "version": 1
        },
        "297": {
            "file": "-1564148198.mid",
            "version": 1
        },
        "303": {
            "file": "monkey madness.mid",
            "version": 1
        },
        "304": {
            "file": "marooned.mid",
            "version": 1
        },
        "305": {
            "file": "anywhere.mid",
            "version": 1
        },
        "306": {
            "file": "island life.mid",
            "version": 1
        },
        "307": {
            "file": "temple.mid",
            "version": 1
        },
        "308": {
            "file": "suspicious.mid",
            "version": 1
        },
        "311": {
            "file": "showdown.mid",
            "version": 1
        },
        "312": {
            "file": "find my way.mid",
            "version": 1
        },
        "314": {
            "file": "castlewars.mid",
            "version": 1
        },
        "316": {
            "file": "the navigator.mid",
            "version": 1
        },
        "317": {
            "file": "melodrama.mid",
            "version": 1
        },
        "318": {
            "file": "ready for battle.mid",
            "version": 1
        },
        "319": {
            "file": "stillness.mid",
            "version": 1
        },
        "320": {
            "file": "lighthouse.mid",
            "version": 1
        },
        "321": {
            "file": "scape scared.mid",
            "version": 1
        },
        "322": {
            "file": "out of the deep.mid",
            "version": 1
        },
        "323": {
            "file": "upass.mid",
            "version": 1
        },
        "324": {
            "file": "background.mid",
            "version": 1
        },
        "325": {
            "file": "cave background.mid",
            "version": 1
        },
        "326": {
            "file": "dark.mid",
            "version": 1
        },
        "327": {
            "file": "dream.mid",
            "version": 1
        },
        "328": {
            "file": "march.mid",
            "version": 1
        },
        "329": {
            "file": "regal.mid",
            "version": 1
        },
        "330": {
            "file": "cellar song.mid",
            "version": 1
        },
        "331": {
            "file": "scape sad.mid",
            "version": 1
        },
        "332": {
            "file": "scape wild.mid",
            "version": 1
        },
        "333": {
            "file": "spooky.mid",
            "version": 1
        },
        "334": {
            "file": "pirates of peril.mid",
            "version": 1
        },
        "335": {
            "file": "romancing the crone.mid",
            "version": 1
        },
        "336": {
            "file": "dangerous road.mid",
            "version": 1
        },
        "337": {
            "file": "faithless.mid",
            "version": 1
        },
        "338": {
            "file": "tiptoe.mid",
            "version": 1
        },
        "339": {
            "file": "the terrible tower.mid",
            "version": 1
        },
        "340": {
            "file": "masquerade.mid",
            "version": 1
        },
        "341": {
            "file": "the slayer.mid",
            "version": 1
        },
        "342": {
            "file": "body parts.mid",
            "version": 1
        },
        "343": {
            "file": "monster melee.mid",
            "version": 1
        },
        "344": {
            "file": "fenkenstrain's refrain.mid",
            "version": 1
        },
        "345": {
            "file": "barking mad.mid",
            "version": 1
        },
        "346": {
            "file": "goblin game.mid",
            "version": 1
        },
        "347": {
            "file": "fruits de mer.mid",
            "version": 1
        },
        "348": {
            "file": "narnode's theme.mid",
            "version": 1
        },
        "351": {
            "file": "dynasty.mid",
            "version": 1
        },
        "352": {
            "file": "scarab.mid",
            "version": 1
        },
        "353": {
            "file": "shipwrecked.mid",
            "version": 1
        },
        "354": {
            "file": "phasmatys.mid",
            "version": 1
        },
        "355": {
            "file": "the other side.mid",
            "version": 1
        },
        "356": {
            "file": "settlement.mid",
            "version": 1
        },
        "357": {
            "file": "cave of beasts.mid",
            "version": 1
        },
        "358": {
            "file": "dragontooth island.mid",
            "version": 1
        },
        "359": {
            "file": "sarcophagus.mid",
            "version": 1
        },
        "361": {
            "file": "down below.mid",
            "version": 1
        },
        "362": {
            "file": "karamja jam.mid",
            "version": 1
        },
        "363": {
            "file": "7th realm.mid",
            "version": 1
        },
        "364": {
            "file": "pathways.mid",
            "version": 1
        },
        "366": {
            "file": "eagle peak.mid",
            "version": 1
        },
        "369": {
            "file": "time to mine.mid",
            "version": 1
        },
        "370": {
            "file": "in between.mid",
            "version": 1
        },
        "372": {
            "file": "far away.mid",
            "version": 1
        },
        "373": {
            "file": "claustrophobia.mid",
            "version": 1
        },
        "375": {
            "file": "fight or flight.mid",
            "version": 1
        },
        "376": {
            "file": "temple of light.mid",
            "version": 1
        },
        "377": {
            "file": "the golem.mid",
            "version": 1
        },
        "378": {
            "file": "forgotten.mid",
            "version": 1
        },
        "379": {
            "file": "throne of the demon.mid",
            "version": 1
        },
        "380": {
            "file": "dance of the undead.mid",
            "version": 1
        },
        "381": {
            "file": "dangerous way.mid",
            "version": 1
        },
        "383": {
            "file": "city of the dead.mid",
            "version": 1
        },
        "384": {
            "file": "hypnotized.mid",
            "version": 1
        },
        "387": {
            "file": "sphinx.mid",
            "version": 1
        },
        "388": {
            "file": "mirage.mid",
            "version": 1
        },
        "389": {
            "file": "cave of the goblins.mid",
            "version": 1
        },
        "390": {
            "file": "romper chomper.mid",
            "version": 1
        },
        "392": {
            "file": "zogre dance.mid",
            "version": 1
        },
        "393": {
            "file": "path of peril.mid",
            "version": 1
        },
        "394": {
            "file": "wayward.mid",
            "version": 1
        },
        "395": {
            "file": "tale of keldagrim.mid",
            "version": 1
        },
        "396": {
            "file": "land of the dwarves.mid",
            "version": 1
        },
        "397": {
            "file": "tears of guthix.mid",
            "version": 1
        },
        "398": {
            "file": "the power of tears.mid",
            "version": 1
        },
        "400": {
            "file": "scape original.mid",
            "version": 1
        },
        "401": {
            "file": "the adventurer.mid",
            "version": 1
        },
        "402": {
            "file": "the rogues den.mid",
            "version": 1
        },
        "403": {
            "file": "the far side.mid",
            "version": 1
        },
        "406": {
            "file": "1498787169.mid",
            "version": 1
        },
        "407": {
            "file": "the lost melody.mid",
            "version": 1
        },
        "409": {
            "file": "frogland.mid",
            "version": 1
        },
        "410": {
            "file": "1921157304.mid",
            "version": 1
        },
        "411": {
            "file": "evil bobs island.mid",
            "version": 1
        },
        "412": {
            "file": "into the abyss.mid",
            "version": 1
        },
        "413": {
            "file": "the quizmaster.mid",
            "version": 1
        },
        "415": {
            "file": "athletes foot.mid",
            "version": 1
        },
        "418": {
            "file": "corporal punishment.mid",
            "version": 1
        },
        "419": {
            "file": "pheasant peasant.mid",
            "version": 1
        },
        "420": {
            "file": "the lost tribe.mid",
            "version": 1
        },
        "425": {
            "file": "the chosen.mid",
            "version": 1
        },
        "434": {
            "file": "have a blast.mid",
            "version": 1
        },
        "435": {
            "file": "wilderness.mid",
            "version": 1
        },
        "436": {
            "file": "forgettable melody.mid",
            "version": 1
        },
        "438": {
            "file": "-2012159921.mid",
            "version": 1
        },
        "447": {
            "file": "over to nardah.mid",
            "version": 1
        }
    }
}