{
    "indexId": 8,
    "name": "sprites",
    "fileCompression": "gzip",
    "format": 5,
    "version": -1,
    "files": {
        "0": {
            "file": "backbase1.dat",
            "version": 2
        },
        "1": {
            "file": "backbase2.dat",
            "version": 2
        },
        "2": {
            "file": "backhmid1.dat",
            "version": 2
        },
        "3": {
            "file": "backhmid2.dat",
            "version": 2
        },
        "4": {
            "file": "backleft1.dat",
            "version": 2
        },
        "5": {
            "file": "backleft2.dat",
            "version": 2
        },
        "6": {
            "file": "backright1.dat",
            "version": 2
        },
        "7": {
            "file": "backright2.dat",
            "version": 2
        },
        "8": {
            "file": "backtop1.dat",
            "version": 2
        },
        "9": {
            "file": "backvmid1.dat",
            "version": 2
        },
        "10": {
            "file": "backvmid2.dat",
            "version": 2
        },
        "11": {
            "file": "backvmid3.dat",
            "version": 2
        },
        "12": {
            "file": "mapback.dat",
            "version": 1
        },
        "13": {
            "file": "chatback.dat",
            "version": 1
        },
        "14": {
            "file": "invback.dat",
            "version": 1
        },
        "15": {
            "file": "magicon,0.dat",
            "version": 1
        },
        "16": {
            "file": "magicon,1.dat",
            "version": 1
        },
        "17": {
            "file": "magicon,2.dat",
            "version": 1
        },
        "18": {
            "file": "magicon,3.dat",
            "version": 1
        },
        "19": {
            "file": "magicon,4.dat",
            "version": 1
        },
        "20": {
            "file": "magicon,5.dat",
            "version": 1
        },
        "21": {
            "file": "magicon,6.dat",
            "version": 1
        },
        "22": {
            "file": "magicon,7.dat",
            "version": 1
        },
        "23": {
            "file": "magicon,8.dat",
            "version": 1
        },
        "24": {
            "file": "magicon,9.dat",
            "version": 1
        },
        "25": {
            "file": "magicon,10.dat",
            "version": 1
        },
        "26": {
            "file": "magicon,11.dat",
            "version": 1
        },
        "27": {
            "file": "magicon,12.dat",
            "version": 1
        },
        "28": {
            "file": "magicon,13.dat",
            "version": 1
        },
        "29": {
            "file": "magicon,14.dat",
            "version": 1
        },
        "30": {
            "file": "magicon,15.dat",
            "version": 1
        },
        "31": {
            "file": "magicon,16.dat",
            "version": 1
        },
        "32": {
            "file": "magicon,17.dat",
            "version": 1
        },
        "33": {
            "file": "magicon,18.dat",
            "version": 1
        },
        "34": {
            "file": "magicon,19.dat",
            "version": 1
        },
        "35": {
            "file": "magicon,20.dat",
            "version": 1
        },
        "36": {
            "file": "magicon,21.dat",
            "version": 1
        },
        "37": {
            "file": "magicon,22.dat",
            "version": 1
        },
        "38": {
            "file": "magicon,23.dat",
            "version": 1
        },
        "39": {
            "file": "magicon,24.dat",
            "version": 1
        },
        "40": {
            "file": "magicon,25.dat",
            "version": 1
        },
        "41": {
            "file": "magicon,26.dat",
            "version": 1
        },
        "42": {
            "file": "magicon,27.dat",
            "version": 1
        },
        "43": {
            "file": "magicon,28.dat",
            "version": 1
        },
        "44": {
            "file": "magicon,29.dat",
            "version": 1
        },
        "45": {
            "file": "magicon,30.dat",
            "version": 1
        },
        "46": {
            "file": "magicon,31.dat",
            "version": 1
        },
        "47": {
            "file": "magicon,32.dat",
            "version": 1
        },
        "48": {
            "file": "magicon,33.dat",
            "version": 1
        },
        "49": {
            "file": "magicon,34.dat",
            "version": 1
        },
        "50": {
            "file": "magicon,35.dat",
            "version": 1
        },
        "51": {
            "file": "magicon,36.dat",
            "version": 1
        },
        "52": {
            "file": "magicon,37.dat",
            "version": 1
        },
        "53": {
            "file": "magicon,38.dat",
            "version": 1
        },
        "54": {
            "file": "magicon,39.dat",
            "version": 1
        },
        "55": {
            "file": "magicon,40.dat",
            "version": 1
        },
        "56": {
            "file": "magicon,41.dat",
            "version": 1
        },
        "57": {
            "file": "magicon,42.dat",
            "version": 1
        },
        "58": {
            "file": "magicon,43.dat",
            "version": 1
        },
        "59": {
            "file": "magicon,44.dat",
            "version": 1
        },
        "60": {
            "file": "magicon,45.dat",
            "version": 1
        },
        "61": {
            "file": "magicon,46.dat",
            "version": 1
        },
        "62": {
            "file": "magicon,47.dat",
            "version": 1
        },
        "63": {
            "file": "magicon,48.dat",
            "version": 1
        },
        "64": {
            "file": "magicon,49.dat",
            "version": 1
        },
        "65": {
            "file": "magicoff,0.dat",
            "version": 1
        },
        "66": {
            "file": "magicoff,1.dat",
            "version": 1
        },
        "67": {
            "file": "magicoff,2.dat",
            "version": 1
        },
        "68": {
            "file": "magicoff,3.dat",
            "version": 1
        },
        "69": {
            "file": "magicoff,4.dat",
            "version": 1
        },
        "70": {
            "file": "magicoff,5.dat",
            "version": 1
        },
        "71": {
            "file": "magicoff,6.dat",
            "version": 1
        },
        "72": {
            "file": "magicoff,7.dat",
            "version": 1
        },
        "73": {
            "file": "magicoff,8.dat",
            "version": 1
        },
        "74": {
            "file": "magicoff,9.dat",
            "version": 1
        },
        "75": {
            "file": "magicoff,10.dat",
            "version": 1
        },
        "76": {
            "file": "magicoff,11.dat",
            "version": 1
        },
        "77": {
            "file": "magicoff,12.dat",
            "version": 1
        },
        "78": {
            "file": "magicoff,13.dat",
            "version": 1
        },
        "79": {
            "file": "magicoff,14.dat",
            "version": 1
        },
        "80": {
            "file": "magicoff,15.dat",
            "version": 1
        },
        "81": {
            "file": "magicoff,16.dat",
            "version": 1
        },
        "82": {
            "file": "magicoff,17.dat",
            "version": 1
        },
        "83": {
            "file": "magicoff,18.dat",
            "version": 1
        },
        "84": {
            "file": "magicoff,19.dat",
            "version": 1
        },
        "85": {
            "file": "magicoff,20.dat",
            "version": 1
        },
        "86": {
            "file": "magicoff,21.dat",
            "version": 1
        },
        "87": {
            "file": "magicoff,22.dat",
            "version": 1
        },
        "88": {
            "file": "magicoff,23.dat",
            "version": 1
        },
        "89": {
            "file": "magicoff,24.dat",
            "version": 1
        },
        "90": {
            "file": "magicoff,25.dat",
            "version": 1
        },
        "91": {
            "file": "magicoff,26.dat",
            "version": 1
        },
        "92": {
            "file": "magicoff,27.dat",
            "version": 1
        },
        "93": {
            "file": "magicoff,28.dat",
            "version": 1
        },
        "94": {
            "file": "magicoff,29.dat",
            "version": 1
        },
        "95": {
            "file": "magicoff,30.dat",
            "version": 1
        },
        "96": {
            "file": "magicoff,31.dat",
            "version": 1
        },
        "97": {
            "file": "magicoff,32.dat",
            "version": 1
        },
        "98": {
            "file": "magicoff,33.dat",
            "version": 1
        },
        "99": {
            "file": "magicoff,34.dat",
            "version": 1
        },
        "100": {
            "file": "magicoff,35.dat",
            "version": 1
        },
        "101": {
            "file": "magicoff,36.dat",
            "version": 1
        },
        "102": {
            "file": "magicoff,37.dat",
            "version": 1
        },
        "103": {
            "file": "magicoff,38.dat",
            "version": 1
        },
        "104": {
            "file": "magicoff,39.dat",
            "version": 1
        },
        "105": {
            "file": "magicoff,40.dat",
            "version": 1
        },
        "106": {
            "file": "magicoff,41.dat",
            "version": 1
        },
        "107": {
            "file": "magicoff,42.dat",
            "version": 1
        },
        "108": {
            "file": "magicoff,43.dat",
            "version": 1
        },
        "109": {
            "file": "magicoff,44.dat",
            "version": 1
        },
        "110": {
            "file": "magicoff,45.dat",
            "version": 1
        },
        "111": {
            "file": "magicoff,46.dat",
            "version": 1
        },
        "112": {
            "file": "magicoff,47.dat",
            "version": 1
        },
        "113": {
            "file": "magicoff,48.dat",
            "version": 1
        },
        "114": {
            "file": "magicoff,49.dat",
            "version": 1
        },
        "115": {
            "file": "prayeron,0.dat",
            "version": 3
        },
        "116": {
            "file": "prayeron,1.dat",
            "version": 3
        },
        "117": {
            "file": "prayeron,2.dat",
            "version": 3
        },
        "118": {
            "file": "prayeron,3.dat",
            "version": 3
        },
        "119": {
            "file": "prayeron,4.dat",
            "version": 3
        },
        "120": {
            "file": "prayeron,5.dat",
            "version": 3
        },
        "121": {
            "file": "prayeron,6.dat",
            "version": 3
        },
        "122": {
            "file": "prayeron,7.dat",
            "version": 3
        },
        "123": {
            "file": "prayeron,8.dat",
            "version": 3
        },
        "124": {
            "file": "prayeron,9.dat",
            "version": 3
        },
        "125": {
            "file": "prayeron,10.dat",
            "version": 3
        },
        "126": {
            "file": "prayeron,11.dat",
            "version": 3
        },
        "127": {
            "file": "prayeron,12.dat",
            "version": 3
        },
        "128": {
            "file": "prayeron,13.dat",
            "version": 3
        },
        "129": {
            "file": "prayeron,14.dat",
            "version": 3
        },
        "130": {
            "file": "prayeron,15.dat",
            "version": 3
        },
        "131": {
            "file": "prayeron,16.dat",
            "version": 3
        },
        "132": {
            "file": "prayeron,17.dat",
            "version": 3
        },
        "133": {
            "file": "prayeron,18.dat",
            "version": 3
        },
        "134": {
            "file": "prayeron,19.dat",
            "version": 3
        },
        "135": {
            "file": "prayeroff,0.dat",
            "version": 3
        },
        "136": {
            "file": "prayeroff,1.dat",
            "version": 3
        },
        "137": {
            "file": "prayeroff,2.dat",
            "version": 3
        },
        "138": {
            "file": "prayeroff,3.dat",
            "version": 3
        },
        "139": {
            "file": "prayeroff,4.dat",
            "version": 3
        },
        "140": {
            "file": "prayeroff,5.dat",
            "version": 3
        },
        "141": {
            "file": "prayeroff,6.dat",
            "version": 3
        },
        "142": {
            "file": "prayeroff,7.dat",
            "version": 3
        },
        "143": {
            "file": "prayeroff,8.dat",
            "version": 3
        },
        "144": {
            "file": "prayeroff,9.dat",
            "version": 3
        },
        "145": {
            "file": "prayeroff,10.dat",
            "version": 3
        },
        "146": {
            "file": "prayeroff,11.dat",
            "version": 3
        },
        "147": {
            "file": "prayeroff,12.dat",
            "version": 3
        },
        "148": {
            "file": "prayeroff,13.dat",
            "version": 3
        },
        "149": {
            "file": "prayeroff,14.dat",
            "version": 3
        },
        "150": {
            "file": "prayeroff,15.dat",
            "version": 3
        },
        "151": {
            "file": "prayeroff,16.dat",
            "version": 3
        },
        "152": {
            "file": "prayeroff,17.dat",
            "version": 3
        },
        "153": {
            "file": "prayeroff,18.dat",
            "version": 3
        },
        "154": {
            "file": "prayeroff,19.dat",
            "version": 3
        },
        "155": {
            "file": "prayerglow.dat",
            "version": 1
        },
        "156": {
            "file": "wornicons,0.dat",
            "version": 1
        },
        "157": {
            "file": "wornicons,1.dat",
            "version": 1
        },
        "158": {
            "file": "wornicons,2.dat",
            "version": 1
        },
        "159": {
            "file": "wornicons,3.dat",
            "version": 1
        },
        "160": {
            "file": "wornicons,4.dat",
            "version": 1
        },
        "161": {
            "file": "wornicons,5.dat",
            "version": 1
        },
        "162": {
            "file": "wornicons,6.dat",
            "version": 1
        },
        "163": {
            "file": "wornicons,7.dat",
            "version": 1
        },
        "164": {
            "file": "wornicons,8.dat",
            "version": 1
        },
        "165": {
            "file": "wornicons,9.dat",
            "version": 1
        },
        "166": {
            "file": "wornicons,10.dat",
            "version": 1
        },
        "167": {
            "file": "wornicons,11.dat",
            "version": 1
        },
        "168": {
            "file": "sideicons.dat",
            "version": 2
        },
        "169": {
            "file": "compass.dat",
            "version": 2
        },
        "170": {
            "file": "miscgraphics,0.dat",
            "version": 1
        },
        "171": {
            "file": "miscgraphics,1.dat",
            "version": 1
        },
        "172": {
            "file": "miscgraphics,2.dat",
            "version": 1
        },
        "173": {
            "file": "miscgraphics,3.dat",
            "version": 1
        },
        "174": {
            "file": "miscgraphics,4.dat",
            "version": 1
        },
        "175": {
            "file": "miscgraphics,5.dat",
            "version": 1
        },
        "176": {
            "file": "miscgraphics,6.dat",
            "version": 1
        },
        "177": {
            "file": "miscgraphics,7.dat",
            "version": 1
        },
        "178": {
            "file": "miscgraphics,8.dat",
            "version": 1
        },
        "179": {
            "file": "miscgraphics,9.dat",
            "version": 1
        },
        "180": {
            "file": "miscgraphics,10.dat",
            "version": 1
        },
        "181": {
            "file": "miscgraphics,11.dat",
            "version": 1
        },
        "182": {
            "file": "miscgraphics,12.dat",
            "version": 1
        },
        "183": {
            "file": "miscgraphics,13.dat",
            "version": 1
        },
        "184": {
            "file": "miscgraphics,14.dat",
            "version": 1
        },
        "185": {
            "file": "miscgraphics2,0.dat",
            "version": 1
        },
        "186": {
            "file": "miscgraphics2,1.dat",
            "version": 1
        },
        "187": {
            "file": "miscgraphics2,2.dat",
            "version": 1
        },
        "188": {
            "file": "miscgraphics2,3.dat",
            "version": 1
        },
        "189": {
            "file": "miscgraphics2,4.dat",
            "version": 1
        },
        "190": {
            "file": "miscgraphics2,5.dat",
            "version": 1
        },
        "191": {
            "file": "miscgraphics2,6.dat",
            "version": 1
        },
        "192": {
            "file": "miscgraphics2,7.dat",
            "version": 1
        },
        "193": {
            "file": "miscgraphics2,8.dat",
            "version": 1
        },
        "194": {
            "file": "miscgraphics2,9.dat",
            "version": 1
        },
        "195": {
            "file": "miscgraphics3,0.dat",
            "version": 1
        },
        "196": {
            "file": "miscgraphics3,1.dat",
            "version": 1
        },
        "197": {
            "file": "staticons,0.dat",
            "version": 2
        },
        "198": {
            "file": "staticons,1.dat",
            "version": 2
        },
        "199": {
            "file": "staticons,2.dat",
            "version": 2
        },
        "200": {
            "file": "staticons,3.dat",
            "version": 1
        },
        "201": {
            "file": "staticons,4.dat",
            "version": 2
        },
        "202": {
            "file": "staticons,5.dat",
            "version": 2
        },
        "203": {
            "file": "staticons,6.dat",
            "version": 1
        },
        "204": {
            "file": "staticons,7.dat",
            "version": 1
        },
        "205": {
            "file": "staticons,8.dat",
            "version": 2
        },
        "206": {
            "file": "staticons,9.dat",
            "version": 1
        },
        "207": {
            "file": "staticons,10.dat",
            "version": 1
        },
        "208": {
            "file": "staticons,11.dat",
            "version": 1
        },
        "209": {
            "file": "staticons,12.dat",
            "version": 1
        },
        "210": {
            "file": "staticons,13.dat",
            "version": 2
        },
        "211": {
            "file": "staticons,14.dat",
            "version": 2
        },
        "212": {
            "file": "staticons,15.dat",
            "version": 2
        },
        "213": {
            "file": "staticons,16.dat",
            "version": 2
        },
        "214": {
            "file": "staticons,17.dat",
            "version": 2
        },
        "215": {
            "file": "staticons2,0.dat",
            "version": 2
        },
        "216": {
            "file": "staticons2,1.dat",
            "version": 2
        },
        "217": {
            "file": "staticons2,2.dat",
            "version": 2
        },
        "218": {
            "file": "staticons2,3.dat",
            "version": 2
        },
        "219": {
            "file": "staticons2,4.dat",
            "version": 2
        },
        "220": {
            "file": "staticons2,5.dat",
            "version": 2
        },
        "221": {
            "file": "staticons2,6.dat",
            "version": 2
        },
        "222": {
            "file": "staticons2,7.dat",
            "version": 1
        },
        "223": {
            "file": "staticons2,8.dat",
            "version": 1
        },
        "224": {
            "file": "staticons2,9.dat",
            "version": 1
        },
        "225": {
            "file": "staticons2,10.dat",
            "version": 1
        },
        "226": {
            "file": "staticons2,11.dat",
            "version": 1
        },
        "227": {
            "file": "staticons2,12.dat",
            "version": 1
        },
        "228": {
            "file": "staticons2,13.dat",
            "version": 1
        },
        "229": {
            "file": "staticons2,14.dat",
            "version": 1
        },
        "230": {
            "file": "staticons2,15.dat",
            "version": 1
        },
        "231": {
            "file": "staticons2,16.dat",
            "version": 1
        },
        "232": {
            "file": "staticons2,17.dat",
            "version": 1
        },
        "233": {
            "file": "combaticons,0.dat",
            "version": 1
        },
        "234": {
            "file": "combaticons,1.dat",
            "version": 1
        },
        "235": {
            "file": "combaticons,2.dat",
            "version": 1
        },
        "236": {
            "file": "combaticons,3.dat",
            "version": 1
        },
        "237": {
            "file": "combaticons,4.dat",
            "version": 1
        },
        "238": {
            "file": "combaticons,5.dat",
            "version": 1
        },
        "239": {
            "file": "combaticons,6.dat",
            "version": 1
        },
        "240": {
            "file": "combaticons,7.dat",
            "version": 1
        },
        "241": {
            "file": "combaticons,8.dat",
            "version": 1
        },
        "242": {
            "file": "combaticons,9.dat",
            "version": 1
        },
        "243": {
            "file": "combaticons,10.dat",
            "version": 1
        },
        "244": {
            "file": "combaticons,11.dat",
            "version": 1
        },
        "245": {
            "file": "combaticons,12.dat",
            "version": 1
        },
        "246": {
            "file": "combaticons,13.dat",
            "version": 1
        },
        "247": {
            "file": "combaticons,14.dat",
            "version": 1
        },
        "248": {
            "file": "combaticons,15.dat",
            "version": 1
        },
        "249": {
            "file": "combaticons,16.dat",
            "version": 1
        },
        "250": {
            "file": "combaticons,17.dat",
            "version": 1
        },
        "251": {
            "file": "combaticons,18.dat",
            "version": 1
        },
        "252": {
            "file": "combaticons,19.dat",
            "version": 1
        },
        "253": {
            "file": "combaticons2,0.dat",
            "version": 1
        },
        "254": {
            "file": "combaticons2,1.dat",
            "version": 1
        },
        "255": {
            "file": "combaticons2,2.dat",
            "version": 1
        },
        "256": {
            "file": "combaticons2,3.dat",
            "version": 1
        },
        "257": {
            "file": "combaticons2,4.dat",
            "version": 1
        },
        "258": {
            "file": "combaticons2,5.dat",
            "version": 1
        },
        "259": {
            "file": "combaticons2,6.dat",
            "version": 1
        },
        "260": {
            "file": "combaticons2,7.dat",
            "version": 1
        },
        "261": {
            "file": "combaticons2,8.dat",
            "version": 1
        },
        "262": {
            "file": "combaticons2,9.dat",
            "version": 1
        },
        "263": {
            "file": "combaticons2,10.dat",
            "version": 1
        },
        "264": {
            "file": "combaticons2,11.dat",
            "version": 1
        },
        "265": {
            "file": "combaticons2,12.dat",
            "version": 1
        },
        "266": {
            "file": "combaticons2,13.dat",
            "version": 1
        },
        "267": {
            "file": "combaticons2,14.dat",
            "version": 1
        },
        "268": {
            "file": "combaticons2,15.dat",
            "version": 1
        },
        "269": {
            "file": "combaticons2,16.dat",
            "version": 1
        },
        "270": {
            "file": "combaticons2,17.dat",
            "version": 1
        },
        "271": {
            "file": "combaticons2,18.dat",
            "version": 1
        },
        "272": {
            "file": "combaticons2,19.dat",
            "version": 1
        },
        "273": {
            "file": "combaticons3,0.dat",
            "version": 1
        },
        "274": {
            "file": "combaticons3,1.dat",
            "version": 1
        },
        "275": {
            "file": "combaticons3,2.dat",
            "version": 1
        },
        "276": {
            "file": "combaticons3,3.dat",
            "version": 1
        },
        "277": {
            "file": "combaticons3,4.dat",
            "version": 1
        },
        "278": {
            "file": "combaticons3,5.dat",
            "version": 1
        },
        "279": {
            "file": "combaticons3,6.dat",
            "version": 1
        },
        "280": {
            "file": "combaticons3,7.dat",
            "version": 1
        },
        "281": {
            "file": "combaticons3,8.dat",
            "version": 1
        },
        "282": {
            "file": "combaticons3,9.dat",
            "version": 1
        },
        "283": {
            "file": "combaticons3,10.dat",
            "version": 1
        },
        "284": {
            "file": "combaticons3,11.dat",
            "version": 1
        },
        "285": {
            "file": "combaticons3,12.dat",
            "version": 1
        },
        "286": {
            "file": "combaticons3,13.dat",
            "version": 1
        },
        "287": {
            "file": "combaticons3,14.dat",
            "version": 1
        },
        "288": {
            "file": "combaticons3,15.dat",
            "version": 1
        },
        "289": {
            "file": "combaticons3,16.dat",
            "version": 1
        },
        "290": {
            "file": "combaticons3,17.dat",
            "version": 1
        },
        "291": {
            "file": "combaticons3,18.dat",
            "version": 1
        },
        "292": {
            "file": "combaticons3,19.dat",
            "version": 1
        },
        "293": {
            "file": "combatboxes,0.dat",
            "version": 1
        },
        "294": {
            "file": "combatboxes,1.dat",
            "version": 1
        },
        "295": {
            "file": "combatboxes,2.dat",
            "version": 1
        },
        "296": {
            "file": "combatboxes,3.dat",
            "version": 1
        },
        "297": {
            "file": "tradebacking.dat",
            "version": 1
        },
        "298": {
            "file": "hitmarks.dat",
            "version": 1
        },
        "299": {
            "file": "cross.dat",
            "version": 1
        },
        "300": {
            "file": "mapdots.dat",
            "version": 1
        },
        "301": {
            "file": "sworddecor,0.dat",
            "version": 1
        },
        "302": {
            "file": "sworddecor,1.dat",
            "version": 1
        },
        "303": {
            "file": "sworddecor,2.dat",
            "version": 1
        },
        "304": {
            "file": "sworddecor,3.dat",
            "version": 1
        },
        "305": {
            "file": "redstone1.dat",
            "version": 1
        },
        "306": {
            "file": "redstone2.dat",
            "version": 1
        },
        "307": {
            "file": "redstone3.dat",
            "version": 1
        },
        "308": {
            "file": "leftarrow.dat",
            "version": 2
        },
        "309": {
            "file": "rightarrow.dat",
            "version": 2
        },
        "310": {
            "file": "steelborder,0.dat",
            "version": 1
        },
        "311": {
            "file": "steelborder,1.dat",
            "version": 1
        },
        "312": {
            "file": "steelborder,2.dat",
            "version": 1
        },
        "313": {
            "file": "steelborder,3.dat",
            "version": 1
        },
        "314": {
            "file": "steelborder2,0.dat",
            "version": 1
        },
        "315": {
            "file": "steelborder2,1.dat",
            "version": 1
        },
        "316": {
            "file": "scrollbar.dat",
            "version": 1
        },
        "317": {
            "file": "mapscene.dat",
            "version": 3
        },
        "318": {
            "file": "628358452.dat",
            "version": 2
        },
        "319": {
            "file": "magicon2,0.dat",
            "version": 1
        },
        "320": {
            "file": "magicon2,1.dat",
            "version": 1
        },
        "321": {
            "file": "magicon2,2.dat",
            "version": 1
        },
        "322": {
            "file": "magicon2,3.dat",
            "version": 1
        },
        "323": {
            "file": "magicon2,4.dat",
            "version": 1
        },
        "324": {
            "file": "magicon2,5.dat",
            "version": 2
        },
        "325": {
            "file": "magicon2,6.dat",
            "version": 1
        },
        "326": {
            "file": "magicon2,7.dat",
            "version": 1
        },
        "327": {
            "file": "magicon2,8.dat",
            "version": 1
        },
        "328": {
            "file": "magicon2,9.dat",
            "version": 1
        },
        "329": {
            "file": "magicon2,10.dat",
            "version": 1
        },
        "330": {
            "file": "magicon2,11.dat",
            "version": 1
        },
        "331": {
            "file": "magicon2,12.dat",
            "version": 1
        },
        "332": {
            "file": "magicon2,13.dat",
            "version": 1
        },
        "333": {
            "file": "magicon2,14.dat",
            "version": 2
        },
        "334": {
            "file": "magicon2,15.dat",
            "version": 2
        },
        "335": {
            "file": "magicon2,16.dat",
            "version": 2
        },
        "336": {
            "file": "magicon2,17.dat",
            "version": 2
        },
        "337": {
            "file": "magicon2,18.dat",
            "version": 1
        },
        "338": {
            "file": "magicon2,19.dat",
            "version": 1
        },
        "339": {
            "file": "magicon2,20.dat",
            "version": 1
        },
        "340": {
            "file": "magicon2,21.dat",
            "version": 1
        },
        "341": {
            "file": "magicon2,22.dat",
            "version": 1
        },
        "342": {
            "file": "magicon2,23.dat",
            "version": 1
        },
        "343": {
            "file": "magicon2,24.dat",
            "version": 1
        },
        "344": {
            "file": "magicon2,25.dat",
            "version": 1
        },
        "345": {
            "file": "magicon2,26.dat",
            "version": 1
        },
        "346": {
            "file": "magicon2,27.dat",
            "version": 1
        },
        "347": {
            "file": "magicon2,28.dat",
            "version": 1
        },
        "348": {
            "file": "magicon2,29.dat",
            "version": 1
        },
        "349": {
            "file": "magicon2,30.dat",
            "version": 1
        },
        "350": {
            "file": "magicon2,31.dat",
            "version": 1
        },
        "351": {
            "file": "magicon2,32.dat",
            "version": 1
        },
        "352": {
            "file": "magicon2,33.dat",
            "version": 1
        },
        "353": {
            "file": "magicon2,34.dat",
            "version": 1
        },
        "354": {
            "file": "magicon2,35.dat",
            "version": 2
        },
        "355": {
            "file": "magicon2,36.dat",
            "version": 1
        },
        "356": {
            "file": "magicon2,37.dat",
            "version": 1
        },
        "357": {
            "file": "magicon2,38.dat",
            "version": 1
        },
        "358": {
            "file": "magicon2,39.dat",
            "version": 2
        },
        "359": {
            "file": "magicon2,40.dat",
            "version": 1
        },
        "360": {
            "file": "magicon2,41.dat",
            "version": 1
        },
        "361": {
            "file": "magicon2,42.dat",
            "version": 1
        },
        "362": {
            "file": "magicon2,43.dat",
            "version": 1
        },
        "363": {
            "file": "magicon2,44.dat",
            "version": 1
        },
        "364": {
            "file": "magicon2,45.dat",
            "version": 1
        },
        "365": {
            "file": "magicon2,46.dat",
            "version": 1
        },
        "366": {
            "file": "magicon2,47.dat",
            "version": 1
        },
        "367": {
            "file": "magicon2,48.dat",
            "version": 1
        },
        "368": {
            "file": "magicon2,49.dat",
            "version": 1
        },
        "369": {
            "file": "magicoff2,0.dat",
            "version": 1
        },
        "370": {
            "file": "magicoff2,1.dat",
            "version": 1
        },
        "371": {
            "file": "magicoff2,2.dat",
            "version": 1
        },
        "372": {
            "file": "magicoff2,3.dat",
            "version": 1
        },
        "373": {
            "file": "magicoff2,4.dat",
            "version": 1
        },
        "374": {
            "file": "magicoff2,5.dat",
            "version": 1
        },
        "375": {
            "file": "magicoff2,6.dat",
            "version": 1
        },
        "376": {
            "file": "magicoff2,7.dat",
            "version": 1
        },
        "377": {
            "file": "magicoff2,8.dat",
            "version": 1
        },
        "378": {
            "file": "magicoff2,9.dat",
            "version": 1
        },
        "379": {
            "file": "magicoff2,10.dat",
            "version": 1
        },
        "380": {
            "file": "magicoff2,11.dat",
            "version": 1
        },
        "381": {
            "file": "magicoff2,12.dat",
            "version": 1
        },
        "382": {
            "file": "magicoff2,13.dat",
            "version": 1
        },
        "383": {
            "file": "magicoff2,14.dat",
            "version": 1
        },
        "384": {
            "file": "magicoff2,15.dat",
            "version": 1
        },
        "385": {
            "file": "magicoff2,16.dat",
            "version": 1
        },
        "386": {
            "file": "magicoff2,17.dat",
            "version": 1
        },
        "387": {
            "file": "magicoff2,18.dat",
            "version": 1
        },
        "388": {
            "file": "magicoff2,19.dat",
            "version": 1
        },
        "389": {
            "file": "magicoff2,20.dat",
            "version": 1
        },
        "390": {
            "file": "magicoff2,21.dat",
            "version": 1
        },
        "391": {
            "file": "magicoff2,22.dat",
            "version": 1
        },
        "392": {
            "file": "magicoff2,23.dat",
            "version": 1
        },
        "393": {
            "file": "magicoff2,24.dat",
            "version": 1
        },
        "394": {
            "file": "magicoff2,25.dat",
            "version": 1
        },
        "395": {
            "file": "magicoff2,26.dat",
            "version": 1
        },
        "396": {
            "file": "magicoff2,27.dat",
            "version": 1
        },
        "397": {
            "file": "magicoff2,28.dat",
            "version": 1
        },
        "398": {
            "file": "magicoff2,29.dat",
            "version": 1
        },
        "399": {
            "file": "magicoff2,30.dat",
            "version": 1
        },
        "400": {
            "file": "magicoff2,31.dat",
            "version": 1
        },
        "401": {
            "file": "magicoff2,32.dat",
            "version": 1
        },
        "402": {
            "file": "magicoff2,33.dat",
            "version": 1
        },
        "403": {
            "file": "magicoff2,34.dat",
            "version": 1
        },
        "404": {
            "file": "magicoff2,35.dat",
            "version": 2
        },
        "405": {
            "file": "magicoff2,36.dat",
            "version": 1
        },
        "406": {
            "file": "magicoff2,37.dat",
            "version": 1
        },
        "407": {
            "file": "magicoff2,38.dat",
            "version": 1
        },
        "408": {
            "file": "magicoff2,39.dat",
            "version": 2
        },
        "409": {
            "file": "magicoff2,40.dat",
            "version": 1
        },
        "410": {
            "file": "magicoff2,41.dat",
            "version": 1
        },
        "411": {
            "file": "magicoff2,42.dat",
            "version": 1
        },
        "412": {
            "file": "magicoff2,43.dat",
            "version": 1
        },
        "413": {
            "file": "magicoff2,44.dat",
            "version": 1
        },
        "414": {
            "file": "magicoff2,45.dat",
            "version": 1
        },
        "415": {
            "file": "magicoff2,46.dat",
            "version": 1
        },
        "416": {
            "file": "magicoff2,47.dat",
            "version": 1
        },
        "417": {
            "file": "magicoff2,48.dat",
            "version": 1
        },
        "418": {
            "file": "magicoff2,49.dat",
            "version": 1
        },
        "419": {
            "file": "1014749829.dat",
            "version": 1
        },
        "420": {
            "file": "1014749830.dat",
            "version": 1
        },
        "421": {
            "file": "1014749831.dat",
            "version": 1
        },
        "422": {
            "file": "mapmarker.dat",
            "version": 1
        },
        "423": {
            "file": "mod_icons.dat",
            "version": 1
        },
        "424": {
            "file": "mapedge.dat",
            "version": 1
        },
        "425": {
            "file": "leftarrow_small.dat",
            "version": 2
        },
        "426": {
            "file": "rightarrow_small.dat",
            "version": 2
        },
        "427": {
            "file": "blackmark.dat",
            "version": 1
        },
        "428": {
            "file": "button_brown.dat",
            "version": 1
        },
        "429": {
            "file": "button_red.dat",
            "version": 1
        },
        "430": {
            "file": "chest.dat",
            "version": 1
        },
        "431": {
            "file": "coins.dat",
            "version": 1
        },
        "432": {
            "file": "key.dat",
            "version": 1
        },
        "433": {
            "file": "keys.dat",
            "version": 1
        },
        "434": {
            "file": "pen.dat",
            "version": 1
        },
        "435": {
            "file": "startgame.dat",
            "version": 1
        },
        "436": {
            "file": "titlescroll.dat",
            "version": 1
        },
        "437": {
            "file": "letter.dat",
            "version": 1
        },
        "438": {
            "file": "button_brown_big.dat",
            "version": 1
        },
        "439": {
            "file": "headicons_pk.dat",
            "version": 1
        },
        "440": {
            "file": "headicons_prayer.dat",
            "version": 1
        },
        "441": {
            "file": "headicons_hint.dat",
            "version": 1
        },
        "442": {
            "file": "overlay_multiway.dat",
            "version": 1
        },
        "443": {
            "file": "overlay_duel.dat",
            "version": 1
        },
        "444": {
            "file": "tex_brown.dat",
            "version": 1
        },
        "445": {
            "file": "tex_red.dat",
            "version": 1
        },
        "446": {
            "file": "number_button.dat",
            "version": 1
        },
        "447": {
            "file": "door.dat",
            "version": 1
        },
        "448": {
            "file": "water.dat",
            "version": 1
        },
        "449": {
            "file": "wall.dat",
            "version": 1
        },
        "450": {
            "file": "planks.dat",
            "version": 1
        },
        "451": {
            "file": "elfdoor.dat",
            "version": 1
        },
        "452": {
            "file": "darkwood.dat",
            "version": 1
        },
        "453": {
            "file": "roof.dat",
            "version": 1
        },
        "454": {
            "file": "damage.dat",
            "version": 1
        },
        "455": {
            "file": "1222630137.dat",
            "version": 1
        },
        "456": {
            "file": "treestump.dat",
            "version": 1
        },
        "457": {
            "file": "mossy.dat",
            "version": 1
        },
        "458": {
            "file": "railings.dat",
            "version": 1
        },
        "459": {
            "file": "painting1.dat",
            "version": 1
        },
        "460": {
            "file": "painting2.dat",
            "version": 1
        },
        "461": {
            "file": "marble.dat",
            "version": 1
        },
        "462": {
            "file": "wood2.dat",
            "version": 1
        },
        "463": {
            "file": "fountain.dat",
            "version": 1
        },
        "464": {
            "file": "1000846827.dat",
            "version": 1
        },
        "465": {
            "file": "-4663199.dat",
            "version": 1
        },
        "466": {
            "file": "books.dat",
            "version": 1
        },
        "467": {
            "file": "elfroof2.dat",
            "version": 1
        },
        "468": {
            "file": "elfwood.dat",
            "version": 1
        },
        "469": {
            "file": "1151455305.dat",
            "version": 1
        },
        "470": {
            "file": "-848591323.dat",
            "version": 1
        },
        "471": {
            "file": "web.dat",
            "version": 1
        },
        "472": {
            "file": "elfroof.dat",
            "version": 1
        },
        "473": {
            "file": "1193130854.dat",
            "version": 1
        },
        "474": {
            "file": "bamboo.dat",
            "version": 1
        },
        "475": {
            "file": "1182935334.dat",
            "version": 1
        },
        "476": {
            "file": "lava.dat",
            "version": 1
        },
        "477": {
            "file": "bark.dat",
            "version": 1
        },
        "478": {
            "file": "mapletree.dat",
            "version": 1
        },
        "479": {
            "file": "stars.dat",
            "version": 1
        },
        "480": {
            "file": "10513154.dat",
            "version": 1
        },
        "481": {
            "file": "elfwall.dat",
            "version": 1
        },
        "482": {
            "file": "chainmail.dat",
            "version": 1
        },
        "483": {
            "file": "mummy.dat",
            "version": 1
        },
        "484": {
            "file": "elfpainting.dat",
            "version": 1
        },
        "485": {
            "file": "-1865153502.dat",
            "version": 1
        },
        "486": {
            "file": "2106055918.dat",
            "version": 1
        },
        "487": {
            "file": "133611307.dat",
            "version": 1
        },
        "488": {
            "file": "roof2.dat",
            "version": 1
        },
        "489": {
            "file": "1609617336.dat",
            "version": 2
        },
        "490": {
            "file": "246946718.dat",
            "version": 1
        },
        "491": {
            "file": "wall_white.dat",
            "version": 1
        },
        "492": {
            "file": "glyphs.dat",
            "version": 1
        },
        "493": {
            "file": "canvas.dat",
            "version": 1
        },
        "494": {
            "file": "p11_full.dat",
            "version": 2
        },
        "495": {
            "file": "p12_full.dat",
            "version": 4
        },
        "496": {
            "file": "b12_full.dat",
            "version": 3
        },
        "497": {
            "file": "q8_full.dat",
            "version": 1
        },
        "498": {
            "file": "logo.dat",
            "version": 1
        },
        "499": {
            "file": "titlebox.dat",
            "version": 1
        },
        "500": {
            "file": "titlebutton.dat",
            "version": 1
        },
        "501": {
            "file": "runes.dat",
            "version": 2
        },
        "502": {
            "file": "prayeron,20.dat",
            "version": 2
        },
        "503": {
            "file": "prayeron,21.dat",
            "version": 2
        },
        "504": {
            "file": "prayeron,22.dat",
            "version": 2
        },
        "505": {
            "file": "prayeron,23.dat",
            "version": 2
        },
        "506": {
            "file": "prayeroff,20.dat",
            "version": 2
        },
        "507": {
            "file": "prayeroff,21.dat",
            "version": 2
        },
        "508": {
            "file": "prayeroff,22.dat",
            "version": 2
        },
        "509": {
            "file": "prayeroff,23.dat",
            "version": 2
        },
        "510": {
            "file": "953669988.dat",
            "version": 1
        },
        "511": {
            "file": "953669989.dat",
            "version": 1
        },
        "512": {
            "file": "953669990.dat",
            "version": 1
        },
        "513": {
            "file": "953669991.dat",
            "version": 1
        },
        "514": {
            "file": "953669992.dat",
            "version": 1
        },
        "515": {
            "file": "-2021548290.dat",
            "version": 1
        },
        "516": {
            "file": "-2021548289.dat",
            "version": 1
        },
        "517": {
            "file": "-2021548288.dat",
            "version": 1
        },
        "518": {
            "file": "-2021548287.dat",
            "version": 1
        },
        "519": {
            "file": "-2021548286.dat",
            "version": 1
        },
        "520": {
            "file": "-2021548285.dat",
            "version": 1
        },
        "521": {
            "file": "-2021548284.dat",
            "version": 1
        },
        "522": {
            "file": "-2021548283.dat",
            "version": 1
        },
        "523": {
            "file": "2031924702.dat",
            "version": 1
        },
        "524": {
            "file": "2031924703.dat",
            "version": 1
        },
        "525": {
            "file": "2031924704.dat",
            "version": 1
        },
        "526": {
            "file": "2031924705.dat",
            "version": 1
        },
        "527": {
            "file": "2031924706.dat",
            "version": 1
        },
        "528": {
            "file": "2031924707.dat",
            "version": 1
        },
        "529": {
            "file": "-1445437730.dat",
            "version": 1
        },
        "530": {
            "file": "crag.dat",
            "version": 1
        },
        "531": {
            "file": "925589451.dat",
            "version": 1
        },
        "532": {
            "file": "1906536007.dat",
            "version": 1
        },
        "533": {
            "file": "old_tiles.dat",
            "version": 1
        },
        "534": {
            "file": "1609617337.dat",
            "version": 1
        },
        "535": {
            "file": "close_buttons,0.dat",
            "version": 2
        },
        "536": {
            "file": "close_buttons,1.dat",
            "version": 2
        },
        "537": {
            "file": "close_buttons,2.dat",
            "version": 2
        },
        "538": {
            "file": "close_buttons,3.dat",
            "version": 2
        },
        "539": {
            "file": "close_buttons,4.dat",
            "version": 1
        },
        "540": {
            "file": "close_buttons,5.dat",
            "version": 2
        },
        "541": {
            "file": "close_buttons,6.dat",
            "version": 1
        },
        "542": {
            "file": "close_buttons,7.dat",
            "version": 1
        },
        "543": {
            "file": "-1286182946.dat",
            "version": 2
        },
        "544": {
            "file": "-1286182945.dat",
            "version": 2
        },
        "545": {
            "file": "-1286182944.dat",
            "version": 2
        },
        "546": {
            "file": "-1286182943.dat",
            "version": 2
        },
        "547": {
            "file": "-1286182942.dat",
            "version": 2
        },
        "548": {
            "file": "-1286182941.dat",
            "version": 2
        },
        "549": {
            "file": "-1286182940.dat",
            "version": 2
        },
        "550": {
            "file": "-1286182939.dat",
            "version": 2
        },
        "551": {
            "file": "-1286182938.dat",
            "version": 2
        },
        "552": {
            "file": "-1286182937.dat",
            "version": 2
        },
        "553": {
            "file": "-1216965583.dat",
            "version": 2
        },
        "554": {
            "file": "-1216965582.dat",
            "version": 2
        },
        "555": {
            "file": "-1216965581.dat",
            "version": 2
        },
        "556": {
            "file": "-1216965580.dat",
            "version": 2
        },
        "557": {
            "file": "-1216965579.dat",
            "version": 2
        },
        "558": {
            "file": "-1216965578.dat",
            "version": 2
        },
        "559": {
            "file": "-1216965577.dat",
            "version": 2
        },
        "560": {
            "file": "-1216965576.dat",
            "version": 2
        },
        "561": {
            "file": "-1216965575.dat",
            "version": 2
        },
        "562": {
            "file": "-1216965574.dat",
            "version": 2
        },
        "563": {
            "file": "-1216965552.dat",
            "version": 2
        },
        "564": {
            "file": "-1216965551.dat",
            "version": 2
        },
        "565": {
            "file": "-1216965550.dat",
            "version": 2
        },
        "566": {
            "file": "-1216965549.dat",
            "version": 2
        },
        "567": {
            "file": "-1216965548.dat",
            "version": 2
        },
        "568": {
            "file": "-1216965547.dat",
            "version": 2
        },
        "569": {
            "file": "-1216965546.dat",
            "version": 2
        },
        "570": {
            "file": "-1216965545.dat",
            "version": 2
        },
        "571": {
            "file": "-1216965544.dat",
            "version": 2
        },
        "572": {
            "file": "-1216965543.dat",
            "version": 2
        },
        "573": {
            "file": "-1216965521.dat",
            "version": 2
        },
        "574": {
            "file": "-1216965520.dat",
            "version": 2
        },
        "575": {
            "file": "-1216965519.dat",
            "version": 2
        },
        "576": {
            "file": "-1216965518.dat",
            "version": 1
        },
        "577": {
            "file": "-1216965517.dat",
            "version": 1
        },
        "578": {
            "file": "-1216965516.dat",
            "version": 1
        },
        "579": {
            "file": "-1216965515.dat",
            "version": 1
        },
        "580": {
            "file": "-1216965514.dat",
            "version": 1
        },
        "581": {
            "file": "-1216965513.dat",
            "version": 1
        },
        "582": {
            "file": "-1216965512.dat",
            "version": 1
        },
        "583": {
            "file": "-1216965490.dat",
            "version": 1
        },
        "584": {
            "file": "-1216965489.dat",
            "version": 1
        },
        "585": {
            "file": "-1216965488.dat",
            "version": 1
        },
        "586": {
            "file": "-1216965487.dat",
            "version": 1
        },
        "587": {
            "file": "-1216965486.dat",
            "version": 1
        },
        "588": {
            "file": "-1216965485.dat",
            "version": 1
        },
        "589": {
            "file": "-1216965484.dat",
            "version": 1
        },
        "590": {
            "file": "-1216965483.dat",
            "version": 1
        },
        "591": {
            "file": "-1216965482.dat",
            "version": 1
        },
        "592": {
            "file": "-1216965481.dat",
            "version": 1
        },
        "593": {
            "file": "-1217148328.dat",
            "version": 2
        },
        "594": {
            "file": "-1217148327.dat",
            "version": 2
        },
        "595": {
            "file": "-1217148326.dat",
            "version": 2
        },
        "596": {
            "file": "-1217148325.dat",
            "version": 2
        },
        "597": {
            "file": "-1217148324.dat",
            "version": 2
        },
        "598": {
            "file": "-1217148323.dat",
            "version": 2
        },
        "599": {
            "file": "-1217148322.dat",
            "version": 2
        },
        "600": {
            "file": "-1217148321.dat",
            "version": 2
        },
        "601": {
            "file": "-1217148320.dat",
            "version": 2
        },
        "602": {
            "file": "-1217148319.dat",
            "version": 2
        },
        "603": {
            "file": "923107575.dat",
            "version": 2
        },
        "604": {
            "file": "923107576.dat",
            "version": 2
        },
        "605": {
            "file": "923107577.dat",
            "version": 2
        },
        "606": {
            "file": "923107578.dat",
            "version": 2
        },
        "607": {
            "file": "923107579.dat",
            "version": 2
        },
        "608": {
            "file": "923107580.dat",
            "version": 2
        },
        "609": {
            "file": "923107581.dat",
            "version": 2
        },
        "610": {
            "file": "923107582.dat",
            "version": 2
        },
        "611": {
            "file": "923107583.dat",
            "version": 2
        },
        "612": {
            "file": "923107584.dat",
            "version": 2
        },
        "613": {
            "file": "923107606.dat",
            "version": 2
        },
        "614": {
            "file": "923107607.dat",
            "version": 2
        },
        "615": {
            "file": "923107608.dat",
            "version": 2
        },
        "616": {
            "file": "923107609.dat",
            "version": 2
        },
        "617": {
            "file": "923107610.dat",
            "version": 2
        },
        "618": {
            "file": "923107611.dat",
            "version": 2
        },
        "619": {
            "file": "923107612.dat",
            "version": 2
        },
        "620": {
            "file": "923107613.dat",
            "version": 2
        },
        "621": {
            "file": "923107614.dat",
            "version": 2
        },
        "622": {
            "file": "923107615.dat",
            "version": 2
        },
        "623": {
            "file": "923107637.dat",
            "version": 2
        },
        "624": {
            "file": "923107638.dat",
            "version": 2
        },
        "625": {
            "file": "923107639.dat",
            "version": 2
        },
        "626": {
            "file": "923107640.dat",
            "version": 1
        },
        "627": {
            "file": "923107641.dat",
            "version": 1
        },
        "628": {
            "file": "923107642.dat",
            "version": 1
        },
        "629": {
            "file": "923107643.dat",
            "version": 1
        },
        "630": {
            "file": "923107644.dat",
            "version": 1
        },
        "631": {
            "file": "923107645.dat",
            "version": 1
        },
        "632": {
            "file": "923107646.dat",
            "version": 1
        },
        "633": {
            "file": "923107668.dat",
            "version": 1
        },
        "634": {
            "file": "923107669.dat",
            "version": 1
        },
        "635": {
            "file": "923107670.dat",
            "version": 1
        },
        "636": {
            "file": "923107671.dat",
            "version": 1
        },
        "637": {
            "file": "923107672.dat",
            "version": 1
        },
        "638": {
            "file": "923107673.dat",
            "version": 1
        },
        "639": {
            "file": "923107674.dat",
            "version": 1
        },
        "640": {
            "file": "923107675.dat",
            "version": 1
        },
        "641": {
            "file": "923107676.dat",
            "version": 1
        },
        "642": {
            "file": "923107677.dat",
            "version": 1
        },
        "643": {
            "file": "-1403201167.dat",
            "version": 1
        },
        "644": {
            "file": "1880781719.dat",
            "version": 1
        },
        "645": {
            "file": "quill_oblique_large.dat",
            "version": 2
        },
        "646": {
            "file": "quill_caps_large.dat",
            "version": 1
        },
        "647": {
            "file": "lunar_alphabet.dat",
            "version": 1
        },
        "648": {
            "file": "lunar_alphabet_lrg.dat",
            "version": 1
        },
        "649": {
            "file": "-1312153403.dat",
            "version": 3
        },
        "650": {
            "file": "-1312153402.dat",
            "version": 3
        },
        "651": {
            "file": "-1312153401.dat",
            "version": 4
        },
        "652": {
            "file": "1328103530.dat",
            "version": 3
        },
        "653": {
            "file": "-809898747.dat",
            "version": 3
        },
        "654": {
            "file": "-809898746.dat",
            "version": 3
        },
        "655": {
            "file": "-1029078864.dat",
            "version": 3
        },
        "656": {
            "file": "-1029078863.dat",
            "version": 3
        },
        "657": {
            "file": "-723306808.dat",
            "version": 3
        },
        "658": {
            "file": "-1428981610.dat",
            "version": 3
        },
        "659": {
            "file": "options_icons,0.dat",
            "version": 3
        },
        "660": {
            "file": "options_icons,1.dat",
            "version": 3
        },
        "661": {
            "file": "options_icons,2.dat",
            "version": 3
        },
        "662": {
            "file": "options_icons,3.dat",
            "version": 3
        },
        "663": {
            "file": "options_icons,4.dat",
            "version": 3
        },
        "664": {
            "file": "options_icons,5.dat",
            "version": 3
        },
        "665": {
            "file": "options_icons,6.dat",
            "version": 3
        },
        "666": {
            "file": "options_icons,7.dat",
            "version": 3
        },
        "667": {
            "file": "options_icons,8.dat",
            "version": 3
        },
        "668": {
            "file": "options_icons,9.dat",
            "version": 3
        },
        "669": {
            "file": "options_icons,10.dat",
            "version": 3
        },
        "670": {
            "file": "options_icons,11.dat",
            "version": 3
        },
        "671": {
            "file": "options_icons,12.dat",
            "version": 3
        },
        "672": {
            "file": "options_icons,13.dat",
            "version": 3
        },
        "673": {
            "file": "options_icons,14.dat",
            "version": 3
        },
        "674": {
            "file": "options_icons,15.dat",
            "version": 3
        },
        "675": {
            "file": "options_icons,16.dat",
            "version": 3
        },
        "676": {
            "file": "options_icons,17.dat",
            "version": 3
        },
        "677": {
            "file": "-1312153400.dat",
            "version": 3
        },
        "678": {
            "file": "1986299184.dat",
            "version": 3
        },
        "679": {
            "file": "options_slider,0.dat",
            "version": 3
        },
        "680": {
            "file": "options_slider,1.dat",
            "version": 3
        },
        "681": {
            "file": "options_slider,2.dat",
            "version": 3
        },
        "682": {
            "file": "options_slider,3.dat",
            "version": 3
        },
        "683": {
            "file": "options_slider,4.dat",
            "version": 3
        },
        "684": {
            "file": "options_slider,5.dat",
            "version": 3
        },
        "685": {
            "file": "options_slider,6.dat",
            "version": 3
        },
        "686": {
            "file": "options_slider,7.dat",
            "version": 3
        },
        "687": {
            "file": "-1402242829.dat",
            "version": 3
        },
        "688": {
            "file": "-1402242828.dat",
            "version": 3
        },
        "689": {
            "file": "-1402242827.dat",
            "version": 3
        },
        "690": {
            "file": "-1402242826.dat",
            "version": 3
        },
        "691": {
            "file": "-1402242825.dat",
            "version": 3
        },
        "692": {
            "file": "-1402242824.dat",
            "version": 3
        },
        "693": {
            "file": "-1402242823.dat",
            "version": 3
        },
        "694": {
            "file": "-1402242822.dat",
            "version": 3
        },
        "695": {
            "file": "-1402242821.dat",
            "version": 3
        },
        "696": {
            "file": "-1402242820.dat",
            "version": 3
        },
        "697": {
            "file": "options_radio_buttons,0.dat",
            "version": 3
        },
        "698": {
            "file": "options_radio_buttons,1.dat",
            "version": 3
        },
        "699": {
            "file": "options_radio_buttons,2.dat",
            "version": 3
        },
        "700": {
            "file": "emotes,0.dat",
            "version": 3
        },
        "701": {
            "file": "emotes,1.dat",
            "version": 3
        },
        "702": {
            "file": "emotes,2.dat",
            "version": 3
        },
        "703": {
            "file": "emotes,3.dat",
            "version": 3
        },
        "704": {
            "file": "emotes,4.dat",
            "version": 3
        },
        "705": {
            "file": "emotes,5.dat",
            "version": 3
        },
        "706": {
            "file": "emotes,6.dat",
            "version": 3
        },
        "707": {
            "file": "emotes,7.dat",
            "version": 3
        },
        "708": {
            "file": "emotes,8.dat",
            "version": 3
        },
        "709": {
            "file": "emotes,9.dat",
            "version": 3
        },
        "710": {
            "file": "emotes,10.dat",
            "version": 3
        },
        "711": {
            "file": "emotes,11.dat",
            "version": 3
        },
        "712": {
            "file": "emotes,12.dat",
            "version": 3
        },
        "713": {
            "file": "emotes,13.dat",
            "version": 3
        },
        "714": {
            "file": "emotes,14.dat",
            "version": 3
        },
        "715": {
            "file": "emotes,15.dat",
            "version": 3
        },
        "716": {
            "file": "emotes,16.dat",
            "version": 3
        },
        "717": {
            "file": "emotes,17.dat",
            "version": 3
        },
        "718": {
            "file": "emotes,18.dat",
            "version": 3
        },
        "719": {
            "file": "emotes,19.dat",
            "version": 3
        },
        "720": {
            "file": "emotes,20.dat",
            "version": 3
        },
        "721": {
            "file": "emotes,21.dat",
            "version": 3
        },
        "722": {
            "file": "emotes,22.dat",
            "version": 3
        },
        "723": {
            "file": "emotes,23.dat",
            "version": 3
        },
        "724": {
            "file": "emotes,24.dat",
            "version": 3
        },
        "725": {
            "file": "emotes,25.dat",
            "version": 3
        },
        "726": {
            "file": "emotes,26.dat",
            "version": 3
        },
        "727": {
            "file": "emotes,27.dat",
            "version": 3
        },
        "728": {
            "file": "emotes,28.dat",
            "version": 3
        },
        "729": {
            "file": "emotes,29.dat",
            "version": 3
        },
        "730": {
            "file": "emotes,30.dat",
            "version": 3
        },
        "731": {
            "file": "emotes,31.dat",
            "version": 3
        },
        "732": {
            "file": "emotes,32.dat",
            "version": 3
        },
        "733": {
            "file": "emotes,33.dat",
            "version": 3
        },
        "734": {
            "file": "emotes,34.dat",
            "version": 3
        },
        "735": {
            "file": "emotes,35.dat",
            "version": 3
        },
        "736": {
            "file": "emotes,36.dat",
            "version": 3
        },
        "737": {
            "file": "emotes,37.dat",
            "version": 3
        },
        "738": {
            "file": "emotes,38.dat",
            "version": 3
        },
        "739": {
            "file": "emotes,39.dat",
            "version": 3
        },
        "740": {
            "file": "emotes_locked,0.dat",
            "version": 3
        },
        "741": {
            "file": "emotes_locked,1.dat",
            "version": 3
        },
        "742": {
            "file": "emotes_locked,2.dat",
            "version": 3
        },
        "743": {
            "file": "emotes_locked,3.dat",
            "version": 3
        },
        "744": {
            "file": "emotes_locked,4.dat",
            "version": 3
        },
        "745": {
            "file": "emotes_locked,5.dat",
            "version": 3
        },
        "746": {
            "file": "emotes_locked,6.dat",
            "version": 3
        },
        "747": {
            "file": "emotes_locked,7.dat",
            "version": 3
        },
        "748": {
            "file": "emotes_locked,8.dat",
            "version": 3
        },
        "749": {
            "file": "emotes_locked,9.dat",
            "version": 3
        },
        "750": {
            "file": "emotes_locked,10.dat",
            "version": 3
        },
        "751": {
            "file": "emotes_locked,11.dat",
            "version": 3
        },
        "752": {
            "file": "emotes_locked,12.dat",
            "version": 3
        },
        "753": {
            "file": "emotes_locked,13.dat",
            "version": 3
        },
        "754": {
            "file": "emotes_locked,14.dat",
            "version": 3
        },
        "755": {
            "file": "emotes_locked,15.dat",
            "version": 3
        },
        "756": {
            "file": "emotes_locked,16.dat",
            "version": 3
        },
        "757": {
            "file": "emotes_locked,17.dat",
            "version": 3
        },
        "758": {
            "file": "emotes_locked,18.dat",
            "version": 3
        },
        "759": {
            "file": "emotes_locked,19.dat",
            "version": 3
        },
        "760": {
            "file": "combat_shield.dat",
            "version": 4
        },
        "761": {
            "file": "-1262227876.dat",
            "version": 4
        },
        "762": {
            "file": "-1262227875.dat",
            "version": 4
        },
        "774": {
            "file": "1489993313.dat",
            "version": 3
        },
        "775": {
            "file": "1489993314.dat",
            "version": 3
        },
        "776": {
            "file": "1489993315.dat",
            "version": 3
        }
    }
}