{
    "indexId": 9,
    "name": "textures",
    "fileCompression": "gzip",
    "fileExtension": ".dat",
    "format": 5,
    "version": 0,
    "settings": 0,
    "crc": -1164188710,
    "sha256": "ba1bd7fe14d7ee1194e3e000f4a2908e0ca37fb3f99ff0e661ed6442c2146d7e",
    "files": {
        "0": {
            "file": "0/",
            "realName": "0",
            "version": 4,
            "children": [
                "0.dat",
                "1.dat",
                "2.dat",
                "3.dat",
                "4.dat",
                "5.dat",
                "6.dat",
                "7.dat",
                "8.dat",
                "9.dat",
                "10.dat",
                "11.dat",
                "12.dat",
                "13.dat",
                "14.dat",
                "15.dat",
                "16.dat",
                "17.dat",
                "18.dat",
                "19.dat",
                "20.dat",
                "21.dat",
                "22.dat",
                "23.dat",
                "24.dat",
                "25.dat",
                "26.dat",
                "27.dat",
                "28.dat",
                "29.dat",
                "30.dat",
                "31.dat",
                "32.dat",
                "33.dat",
                "34.dat",
                "35.dat",
                "36.dat",
                "37.dat",
                "38.dat",
                "39.dat",
                "40.dat",
                "41.dat",
                "42.dat",
                "43.dat",
                "44.dat",
                "45.dat",
                "46.dat",
                "47.dat",
                "48.dat",
                "49.dat",
                "50.dat",
                "51.dat"
            ],
            "crc": -1615691162,
            "sha256": "dff1592cf38717de8df6b4bf132256e756090d5f8e52cbb36bf476435a7da544"
        }
    }
}