{
    "indexId": 10,
    "name": "binary",
    "fileCompression": "uncompressed",
    "fileExtension": ".dat",
    "format": 5,
    "version": 0,
    "settings": 1,
    "crc": -1396250567,
    "sha256": "4871e42c155f13791181c6404aebc0e2f6efb5b1d955a8a4b1ca71a690a96a95",
    "files": {
        "0": {
            "file": "title.jpg.dat",
            "realName": "title.jpg",
            "version": 3,
            "nameHash": -2136884405,
            "crc": 623340988,
            "sha256": "4b7ea37525b72ebab33dd6613e96f484195ab3cad5b45d27a596ea4569076aea"
        },
        "1": {
            "file": "huffman.dat",
            "realName": "huffman",
            "version": 1,
            "nameHash": 1258058669,
            "crc": -1236839920,
            "sha256": "779460467727aac19739d70d6b21afa911f01e1a66f7d826a2f0b79836111620"
        }
    }
}