{
    "indexId": 10,
    "name": "binary",
    "fileCompression": "uncompressed",
    "fileExtension": ".dat",
    "format": 5,
    "version": 0,
    "settings": 1,
    "crc": 1507324305,
    "sha256": "159a706e5e4df1bc294b5a77b8e42497d7df124eff374282831e7f482bfc5a40",
    "files": {
        "0": {
            "file": "title.jpg.dat",
            "crc": 623340988,
            "sha256": "4b7ea37525b72ebab33dd6613e96f484195ab3cad5b45d27a596ea4569076aea",
            "version": 3
        },
        "1": {
            "file": "huffman.dat",
            "crc": -1236839920,
            "sha256": "779460467727aac19739d70d6b21afa911f01e1a66f7d826a2f0b79836111620",
            "version": 1
        }
    }
}