{
    "indexId": 10,
    "name": "binary",
    "fileCompression": "uncompressed",
    "fileExtension": ".dat",
    "format": 5,
    "version": 0,
    "settings": 1,
    "crc": -1435633449,
    "sha256": "15ff614ec66035c6c3c25cc299d3e491c42ceca0e858ba80479f3c147d5ee508",
    "files": {
        "1": {
            "file": "huffman.dat",
            "crc": -1236839920,
            "sha256": "779460467727aac19739d70d6b21afa911f01e1a66f7d826a2f0b79836111620",
            "version": 1
        },
        "2": {
            "file": "title.jpg.dat",
            "version": 0,
            "crc": 623340988,
            "sha256": "4b7ea37525b72ebab33dd6613e96f484195ab3cad5b45d27a596ea4569076aea"
        }
    }
}