{
    "indexId": 10,
    "name": "binary",
    "fileCompression": "uncompressed",
    "fileExtension": ".dat",
    "format": 5,
    "version": 0,
    "settings": 1,
    "crc": 1207227803,
    "sha256": "e3242c14b40161b516b1c21a2f39640a51c22478c60fcdb1dc1a4834ee072c40",
    "files": {
        "0": {
            "file": "title.jpg.dat",
            "crc": 623340988,
            "sha256": "4b7ea37525b72ebab33dd6613e96f484195ab3cad5b45d27a596ea4569076aea",
            "version": 3
        },
        "1": {
            "file": "huffman.dat",
            "crc": -1236839920,
            "sha256": "779460467727aac19739d70d6b21afa911f01e1a66f7d826a2f0b79836111620",
            "version": 1
        }
    }
}