{
    "indexId": 3,
    "name": "widgets",
    "fileCompression": "bzip",
    "format": 5,
    "version": -1,
    "files": {
        "0": {
            "file": "0",
            "version": 1
        },
        "1": {
            "file": "1",
            "version": 1
        },
        "2": {
            "file": "2",
            "version": 3
        },
        "3": {
            "file": "3",
            "version": 1
        },
        "4": {
            "file": "4",
            "version": 4
        },
        "5": {
            "file": "5",
            "version": 1
        },
        "6": {
            "file": "6",
            "version": 5
        },
        "7": {
            "file": "7",
            "version": 4
        },
        "8": {
            "file": "8",
            "version": 4
        },
        "9": {
            "file": "9",
            "version": 4
        },
        "10": {
            "file": "10",
            "version": 4
        },
        "11": {
            "file": "11",
            "version": 4
        },
        "12": {
            "file": "12",
            "version": 5
        },
        "13": {
            "file": "13",
            "version": 4
        },
        "14": {
            "file": "14",
            "version": 5
        },
        "15": {
            "file": "15.dat",
            "version": 1
        },
        "16": {
            "file": "16",
            "version": 5
        },
        "17": {
            "file": "17",
            "version": 5
        },
        "18": {
            "file": "18",
            "version": 5
        },
        "19": {
            "file": "19",
            "version": 5
        },
        "20": {
            "file": "20",
            "version": 5
        },
        "21": {
            "file": "21",
            "version": 5
        },
        "22": {
            "file": "22",
            "version": 5
        },
        "23": {
            "file": "23",
            "version": 5
        },
        "24": {
            "file": "24",
            "version": 4
        },
        "25": {
            "file": "25",
            "version": 4
        },
        "26": {
            "file": "26",
            "version": 5
        },
        "27": {
            "file": "27",
            "version": 5
        },
        "28": {
            "file": "28",
            "version": 4
        },
        "29": {
            "file": "29",
            "version": 4
        },
        "30": {
            "file": "30",
            "version": 5
        },
        "31": {
            "file": "31",
            "version": 4
        },
        "32": {
            "file": "32",
            "version": 4
        },
        "33": {
            "file": "33",
            "version": 4
        },
        "34": {
            "file": "34",
            "version": 4
        },
        "35": {
            "file": "35",
            "version": 4
        },
        "36": {
            "file": "36",
            "version": 4
        },
        "37": {
            "file": "37",
            "version": 4
        },
        "38": {
            "file": "38",
            "version": 4
        },
        "39": {
            "file": "39",
            "version": 4
        },
        "40": {
            "file": "40",
            "version": 4
        },
        "41": {
            "file": "41",
            "version": 4
        },
        "42": {
            "file": "42",
            "version": 4
        },
        "43": {
            "file": "43",
            "version": 4
        },
        "44": {
            "file": "44",
            "version": 4
        },
        "45": {
            "file": "45",
            "version": 4
        },
        "46": {
            "file": "46",
            "version": 4
        },
        "47": {
            "file": "47",
            "version": 4
        },
        "48": {
            "file": "48",
            "version": 3
        },
        "49": {
            "file": "49",
            "version": 6
        },
        "50": {
            "file": "50",
            "version": 3
        },
        "51": {
            "file": "51",
            "version": 3
        },
        "52": {
            "file": "52",
            "version": 3
        },
        "53": {
            "file": "53",
            "version": 5
        },
        "54": {
            "file": "54",
            "version": 5
        },
        "55": {
            "file": "55",
            "version": 4
        },
        "56": {
            "file": "56.dat",
            "version": 1
        },
        "57": {
            "file": "57.dat",
            "version": 4
        },
        "58": {
            "file": "58",
            "version": 4
        },
        "59": {
            "file": "59",
            "version": 4
        },
        "60": {
            "file": "60",
            "version": 4
        },
        "61": {
            "file": "61",
            "version": 4
        },
        "62": {
            "file": "62",
            "version": 4
        },
        "63": {
            "file": "63",
            "version": 4
        },
        "64": {
            "file": "64",
            "version": 3
        },
        "65": {
            "file": "65",
            "version": 3
        },
        "66": {
            "file": "66",
            "version": 3
        },
        "67": {
            "file": "67",
            "version": 3
        },
        "68": {
            "file": "68",
            "version": 3
        },
        "69": {
            "file": "69",
            "version": 3
        },
        "70": {
            "file": "70",
            "version": 3
        },
        "71": {
            "file": "71",
            "version": 3
        },
        "72": {
            "file": "72",
            "version": 4
        },
        "73": {
            "file": "73",
            "version": 4
        },
        "74": {
            "file": "74",
            "version": 4
        },
        "75": {
            "file": "75",
            "version": 7
        },
        "76": {
            "file": "76",
            "version": 7
        },
        "77": {
            "file": "77",
            "version": 7
        },
        "78": {
            "file": "78",
            "version": 7
        },
        "79": {
            "file": "79",
            "version": 7
        },
        "80": {
            "file": "80",
            "version": 6
        },
        "81": {
            "file": "81",
            "version": 7
        },
        "82": {
            "file": "82",
            "version": 8
        },
        "83": {
            "file": "83",
            "version": 7
        },
        "84": {
            "file": "84",
            "version": 7
        },
        "85": {
            "file": "85",
            "version": 7
        },
        "86": {
            "file": "86",
            "version": 6
        },
        "87": {
            "file": "87",
            "version": 7
        },
        "88": {
            "file": "88",
            "version": 7
        },
        "89": {
            "file": "89",
            "version": 7
        },
        "90": {
            "file": "90",
            "version": 10
        },
        "91": {
            "file": "91",
            "version": 7
        },
        "92": {
            "file": "92",
            "version": 7
        },
        "93": {
            "file": "93",
            "version": 7
        },
        "94": {
            "file": "94",
            "version": 8
        },
        "95": {
            "file": "95",
            "version": 6
        },
        "96": {
            "file": "96.dat",
            "version": 1
        },
        "97": {
            "file": "97.dat",
            "version": 1
        },
        "98": {
            "file": "98.dat",
            "version": 1
        },
        "99": {
            "file": "99",
            "version": 4
        },
        "100": {
            "file": "100.dat",
            "version": 1
        },
        "101": {
            "file": "101",
            "version": 3
        },
        "102": {
            "file": "102",
            "version": 3
        },
        "103": {
            "file": "103",
            "version": 3
        },
        "104": {
            "file": "104",
            "version": 3
        },
        "105": {
            "file": "105.dat",
            "version": 2
        },
        "106": {
            "file": "106",
            "version": 7
        },
        "107": {
            "file": "107",
            "version": 7
        },
        "108": {
            "file": "108",
            "version": 4
        },
        "109": {
            "file": "109.dat",
            "version": 1
        },
        "110": {
            "file": "110",
            "version": 5
        },
        "111": {
            "file": "111",
            "version": 4
        },
        "112": {
            "file": "112",
            "version": 4
        },
        "113": {
            "file": "113",
            "version": 4
        },
        "114": {
            "file": "114",
            "version": 4
        },
        "115": {
            "file": "115.dat",
            "version": 1
        },
        "116": {
            "file": "116",
            "version": 5
        },
        "117": {
            "file": "117.dat",
            "version": 1
        },
        "118": {
            "file": "118.dat",
            "version": 1
        },
        "119": {
            "file": "119",
            "version": 4
        },
        "120": {
            "file": "120",
            "version": 4
        },
        "121": {
            "file": "121",
            "version": 4
        },
        "122": {
            "file": "122",
            "version": 4
        },
        "123": {
            "file": "123",
            "version": 4
        },
        "124": {
            "file": "124",
            "version": 4
        },
        "125": {
            "file": "125",
            "version": 4
        },
        "126": {
            "file": "126",
            "version": 5
        },
        "127": {
            "file": "127",
            "version": 4
        },
        "128": {
            "file": "128",
            "version": 4
        },
        "129": {
            "file": "129",
            "version": 4
        },
        "130": {
            "file": "130",
            "version": 4
        },
        "131": {
            "file": "131",
            "version": 4
        },
        "132": {
            "file": "132",
            "version": 3
        },
        "133": {
            "file": "133",
            "version": 3
        },
        "134": {
            "file": "134",
            "version": 5
        },
        "135": {
            "file": "135",
            "version": 4
        },
        "136": {
            "file": "136",
            "version": 4
        },
        "137": {
            "file": "137",
            "version": 6
        },
        "138": {
            "file": "138",
            "version": 4
        },
        "139": {
            "file": "139",
            "version": 4
        },
        "140": {
            "file": "140",
            "version": 5
        },
        "141": {
            "file": "141",
            "version": 3
        },
        "142": {
            "file": "142",
            "version": 4
        },
        "143": {
            "file": "143",
            "version": 3
        },
        "144": {
            "file": "144",
            "version": 4
        },
        "145": {
            "file": "145",
            "version": 4
        },
        "146": {
            "file": "146.dat",
            "version": 1
        },
        "147": {
            "file": "147",
            "version": 4
        },
        "148": {
            "file": "148",
            "version": 6
        },
        "149": {
            "file": "149.dat",
            "version": 1
        },
        "150": {
            "file": "150",
            "version": 1
        },
        "151": {
            "file": "151",
            "version": 3
        },
        "152": {
            "file": "152",
            "version": 4
        },
        "153": {
            "file": "153",
            "version": 5
        },
        "154": {
            "file": "154",
            "version": 4
        },
        "155": {
            "file": "155.dat",
            "version": 1
        },
        "156": {
            "file": "156",
            "version": 5
        },
        "157": {
            "file": "157",
            "version": 4
        },
        "158": {
            "file": "158",
            "version": 4
        },
        "159": {
            "file": "159",
            "version": 4
        },
        "160": {
            "file": "160",
            "version": 4
        },
        "161": {
            "file": "161",
            "version": 4
        },
        "162": {
            "file": "162",
            "version": 5
        },
        "163": {
            "file": "163",
            "version": 4
        },
        "164": {
            "file": "164",
            "version": 4
        },
        "165": {
            "file": "165",
            "version": 4
        },
        "166": {
            "file": "166",
            "version": 4
        },
        "167": {
            "file": "167",
            "version": 4
        },
        "168": {
            "file": "168",
            "version": 4
        },
        "169": {
            "file": "169",
            "version": 4
        },
        "170": {
            "file": "170",
            "version": 4
        },
        "171": {
            "file": "171",
            "version": 4
        },
        "172": {
            "file": "172",
            "version": 4
        },
        "173": {
            "file": "173",
            "version": 4
        },
        "174": {
            "file": "174",
            "version": 4
        },
        "175": {
            "file": "175",
            "version": 4
        },
        "176": {
            "file": "176",
            "version": 4
        },
        "177": {
            "file": "177",
            "version": 4
        },
        "178": {
            "file": "178",
            "version": 5
        },
        "179": {
            "file": "179.dat",
            "version": 1
        },
        "180": {
            "file": "180.dat",
            "version": 1
        },
        "181": {
            "file": "181",
            "version": 5
        },
        "182": {
            "file": "182",
            "version": 6
        },
        "183": {
            "file": "183",
            "version": 4
        },
        "184": {
            "file": "184",
            "version": 4
        },
        "185": {
            "file": "185",
            "version": 4
        },
        "186": {
            "file": "186",
            "version": 5
        },
        "187": {
            "file": "187",
            "version": 1
        },
        "188": {
            "file": "188",
            "version": 4
        },
        "189": {
            "file": "189",
            "version": 5
        },
        "190": {
            "file": "190",
            "version": 4
        },
        "191": {
            "file": "191",
            "version": 5
        },
        "192": {
            "file": "192",
            "version": 16
        },
        "193": {
            "file": "193",
            "version": 7
        },
        "194": {
            "file": "194",
            "version": 4
        },
        "195": {
            "file": "195",
            "version": 4
        },
        "196": {
            "file": "196",
            "version": 4
        },
        "197": {
            "file": "197",
            "version": 4
        },
        "198": {
            "file": "198",
            "version": 4
        },
        "199": {
            "file": "199",
            "version": 4
        },
        "200": {
            "file": "200",
            "version": 4
        },
        "201": {
            "file": "201",
            "version": 4
        },
        "202": {
            "file": "202",
            "version": 4
        },
        "203": {
            "file": "203",
            "version": 4
        },
        "204": {
            "file": "204",
            "version": 4
        },
        "205": {
            "file": "205",
            "version": 4
        },
        "206": {
            "file": "206",
            "version": 4
        },
        "207": {
            "file": "207",
            "version": 4
        },
        "208": {
            "file": "208",
            "version": 3
        },
        "209": {
            "file": "209",
            "version": 3
        },
        "210": {
            "file": "210",
            "version": 3
        },
        "211": {
            "file": "211",
            "version": 3
        },
        "212": {
            "file": "212",
            "version": 3
        },
        "213": {
            "file": "213",
            "version": 3
        },
        "214": {
            "file": "214",
            "version": 3
        },
        "215": {
            "file": "215.dat",
            "version": 3
        },
        "216": {
            "file": "216",
            "version": 3
        },
        "217": {
            "file": "217",
            "version": 3
        },
        "218": {
            "file": "218",
            "version": 3
        },
        "219": {
            "file": "219",
            "version": 3
        },
        "220": {
            "file": "220",
            "version": 4
        },
        "221": {
            "file": "221",
            "version": 4
        },
        "222": {
            "file": "222",
            "version": 4
        },
        "223": {
            "file": "223",
            "version": 4
        },
        "224": {
            "file": "224",
            "version": 3
        },
        "225": {
            "file": "225",
            "version": 4
        },
        "226": {
            "file": "226.dat",
            "version": 1
        },
        "227": {
            "file": "227",
            "version": 4
        },
        "228": {
            "file": "228",
            "version": 5
        },
        "229": {
            "file": "229",
            "version": 5
        },
        "230": {
            "file": "230",
            "version": 5
        },
        "231": {
            "file": "231",
            "version": 5
        },
        "232": {
            "file": "232",
            "version": 5
        },
        "233": {
            "file": "233",
            "version": 5
        },
        "234": {
            "file": "234",
            "version": 5
        },
        "235": {
            "file": "235",
            "version": 5
        },
        "236": {
            "file": "236",
            "version": 5
        },
        "237": {
            "file": "237",
            "version": 5
        },
        "238": {
            "file": "238",
            "version": 5
        },
        "239": {
            "file": "239",
            "version": 23
        },
        "240": {
            "file": "240",
            "version": 5
        },
        "241": {
            "file": "241",
            "version": 3
        },
        "242": {
            "file": "242",
            "version": 3
        },
        "243": {
            "file": "243",
            "version": 3
        },
        "244": {
            "file": "244",
            "version": 3
        },
        "245": {
            "file": "245",
            "version": 4
        },
        "246": {
            "file": "246",
            "version": 3
        },
        "247": {
            "file": "247",
            "version": 3
        },
        "248": {
            "file": "248",
            "version": 3
        },
        "249": {
            "file": "249",
            "version": 3
        },
        "250": {
            "file": "250",
            "version": 3
        },
        "251": {
            "file": "251",
            "version": 3
        },
        "252": {
            "file": "252",
            "version": 3
        },
        "253": {
            "file": "253",
            "version": 3
        },
        "254": {
            "file": "254",
            "version": 3
        },
        "255": {
            "file": "255",
            "version": 3
        },
        "256": {
            "file": "256",
            "version": 3
        },
        "257": {
            "file": "257",
            "version": 4
        },
        "258": {
            "file": "258",
            "version": 3
        },
        "259": {
            "file": "259",
            "version": 3
        },
        "260": {
            "file": "260",
            "version": 3
        },
        "261": {
            "file": "261",
            "version": 9
        },
        "262": {
            "file": "262",
            "version": 6
        },
        "263": {
            "file": "263",
            "version": 4
        },
        "264": {
            "file": "264",
            "version": 5
        },
        "265": {
            "file": "265",
            "version": 5
        },
        "266": {
            "file": "266.dat",
            "version": 1
        },
        "267": {
            "file": "267",
            "version": 6
        },
        "268": {
            "file": "268",
            "version": 4
        },
        "269": {
            "file": "269",
            "version": 5
        },
        "270": {
            "file": "270",
            "version": 4
        },
        "271": {
            "file": "271",
            "version": 6
        },
        "272": {
            "file": "272",
            "version": 4
        },
        "273": {
            "file": "273",
            "version": 4
        },
        "274": {
            "file": "274",
            "version": 17
        },
        "275": {
            "file": "275",
            "version": 4
        },
        "276": {
            "file": "276",
            "version": 4
        },
        "277": {
            "file": "277",
            "version": 8
        },
        "278": {
            "file": "278",
            "version": 4
        },
        "279": {
            "file": "279",
            "version": 4
        },
        "280": {
            "file": "280",
            "version": 4
        },
        "281": {
            "file": "281",
            "version": 4
        },
        "282": {
            "file": "282",
            "version": 4
        },
        "283": {
            "file": "283",
            "version": 4
        },
        "284": {
            "file": "284.dat",
            "version": 1
        },
        "285": {
            "file": "285",
            "version": 4
        },
        "286": {
            "file": "286",
            "version": 4
        },
        "287": {
            "file": "287",
            "version": 3
        },
        "288": {
            "file": "288",
            "version": 4
        },
        "289": {
            "file": "289",
            "version": 4
        },
        "290": {
            "file": "290",
            "version": 3
        },
        "291": {
            "file": "291",
            "version": 1
        },
        "292": {
            "file": "292",
            "version": 3
        },
        "293": {
            "file": "293",
            "version": 3
        },
        "294": {
            "file": "294",
            "version": 5
        },
        "295": {
            "file": "295",
            "version": 5
        },
        "296": {
            "file": "296.dat",
            "version": 2
        },
        "297": {
            "file": "297",
            "version": 4
        },
        "298": {
            "file": "298",
            "version": 3
        },
        "299": {
            "file": "299",
            "version": 4
        },
        "300": {
            "file": "300",
            "version": 4
        },
        "301": {
            "file": "301.dat",
            "version": 1
        },
        "302": {
            "file": "302",
            "version": 5
        },
        "303": {
            "file": "303",
            "version": 6
        },
        "304": {
            "file": "304",
            "version": 5
        },
        "305": {
            "file": "305",
            "version": 5
        },
        "306": {
            "file": "306",
            "version": 5
        },
        "307": {
            "file": "307",
            "version": 5
        },
        "308": {
            "file": "308",
            "version": 4
        },
        "309": {
            "file": "309",
            "version": 5
        },
        "310": {
            "file": "310",
            "version": 6
        },
        "311": {
            "file": "311",
            "version": 4
        },
        "312": {
            "file": "312",
            "version": 6
        },
        "313": {
            "file": "313",
            "version": 1
        },
        "314": {
            "file": "314",
            "version": 5
        },
        "315": {
            "file": "315",
            "version": 4
        },
        "316": {
            "file": "316",
            "version": 3
        },
        "317": {
            "file": "317.dat",
            "version": 1
        },
        "318": {
            "file": "318",
            "version": 1
        },
        "319": {
            "file": "319",
            "version": 6
        },
        "320": {
            "file": "320",
            "version": 6
        },
        "321": {
            "file": "321",
            "version": 1
        },
        "322": {
            "file": "322",
            "version": 1
        },
        "323": {
            "file": "323",
            "version": 4
        },
        "324": {
            "file": "324",
            "version": 4
        },
        "325": {
            "file": "325",
            "version": 4
        },
        "326": {
            "file": "326",
            "version": 5
        },
        "327": {
            "file": "327",
            "version": 4
        },
        "328": {
            "file": "328",
            "version": 4
        },
        "329": {
            "file": "329",
            "version": 5
        },
        "330": {
            "file": "330",
            "version": 4
        },
        "331": {
            "file": "331",
            "version": 4
        },
        "332": {
            "file": "332",
            "version": 4
        },
        "333": {
            "file": "333.dat",
            "version": 1
        },
        "334": {
            "file": "334",
            "version": 5
        },
        "335": {
            "file": "335",
            "version": 4
        },
        "336": {
            "file": "336.dat",
            "version": 1
        },
        "337": {
            "file": "337",
            "version": 4
        },
        "338": {
            "file": "338",
            "version": 4
        },
        "339": {
            "file": "339",
            "version": 4
        },
        "340": {
            "file": "340",
            "version": 4
        },
        "341": {
            "file": "341",
            "version": 4
        },
        "342": {
            "file": "342",
            "version": 4
        },
        "343": {
            "file": "343",
            "version": 4
        },
        "344": {
            "file": "344",
            "version": 4
        },
        "345": {
            "file": "345",
            "version": 4
        },
        "346": {
            "file": "346",
            "version": 4
        },
        "347": {
            "file": "347",
            "version": 4
        },
        "348": {
            "file": "348",
            "version": 4
        },
        "349": {
            "file": "349",
            "version": 4
        },
        "350": {
            "file": "350",
            "version": 4
        },
        "351": {
            "file": "351",
            "version": 4
        },
        "352": {
            "file": "352",
            "version": 4
        },
        "353": {
            "file": "353",
            "version": 4
        },
        "354": {
            "file": "354",
            "version": 4
        },
        "355": {
            "file": "355",
            "version": 4
        },
        "356": {
            "file": "356",
            "version": 4
        },
        "357": {
            "file": "357",
            "version": 4
        },
        "358": {
            "file": "358",
            "version": 4
        },
        "359": {
            "file": "359",
            "version": 4
        },
        "360": {
            "file": "360",
            "version": 4
        },
        "361": {
            "file": "361",
            "version": 4
        },
        "362": {
            "file": "362",
            "version": 4
        },
        "363": {
            "file": "363",
            "version": 4
        },
        "364": {
            "file": "364",
            "version": 4
        },
        "365": {
            "file": "365",
            "version": 4
        },
        "366": {
            "file": "366",
            "version": 4
        },
        "367": {
            "file": "367",
            "version": 4
        },
        "368": {
            "file": "368",
            "version": 4
        },
        "369": {
            "file": "369",
            "version": 6
        },
        "370": {
            "file": "370",
            "version": 2
        },
        "371": {
            "file": "371",
            "version": 4
        },
        "372": {
            "file": "372",
            "version": 3
        },
        "373": {
            "file": "373",
            "version": 4
        },
        "374": {
            "file": "374",
            "version": 4
        },
        "375": {
            "file": "375",
            "version": 4
        },
        "376": {
            "file": "376",
            "version": 4
        },
        "377": {
            "file": "377",
            "version": 4
        },
        "378": {
            "file": "378",
            "version": 4
        },
        "379": {
            "file": "379",
            "version": 4
        },
        "380": {
            "file": "380",
            "version": 4
        },
        "381": {
            "file": "381",
            "version": 4
        },
        "382": {
            "file": "382",
            "version": 5
        },
        "383": {
            "file": "383",
            "version": 5
        },
        "384": {
            "file": "384",
            "version": 4
        },
        "385": {
            "file": "385.dat",
            "version": 1
        },
        "386": {
            "file": "386.dat",
            "version": 1
        },
        "387": {
            "file": "387",
            "version": 6
        },
        "388": {
            "file": "388",
            "version": 5
        },
        "389": {
            "file": "389.dat",
            "version": 1
        },
        "390": {
            "file": "390",
            "version": 4
        },
        "391": {
            "file": "391",
            "version": 6
        },
        "392": {
            "file": "392",
            "version": 4
        },
        "393": {
            "file": "393",
            "version": 4
        },
        "394": {
            "file": "394",
            "version": 4
        },
        "395": {
            "file": "395",
            "version": 4
        },
        "396": {
            "file": "396",
            "version": 5
        },
        "397": {
            "file": "397",
            "version": 5
        },
        "398": {
            "file": "398",
            "version": 6
        },
        "399": {
            "file": "399",
            "version": 4
        },
        "400": {
            "file": "400",
            "version": 4
        },
        "401": {
            "file": "401",
            "version": 6
        },
        "402": {
            "file": "402",
            "version": 5
        },
        "403": {
            "file": "403",
            "version": 4
        },
        "404": {
            "file": "404.dat",
            "version": 1
        },
        "405": {
            "file": "405",
            "version": 5
        },
        "406": {
            "file": "406",
            "version": 5
        },
        "407": {
            "file": "407",
            "version": 6
        },
        "408": {
            "file": "408",
            "version": 4
        },
        "409": {
            "file": "409",
            "version": 3
        },
        "410": {
            "file": "410",
            "version": 4
        },
        "411": {
            "file": "411",
            "version": 4
        },
        "412": {
            "file": "412",
            "version": 4
        },
        "413": {
            "file": "413.dat",
            "version": 1
        },
        "414": {
            "file": "414",
            "version": 2
        },
        "415": {
            "file": "415",
            "version": 3
        },
        "416": {
            "file": "416",
            "version": 2
        },
        "417": {
            "file": "417",
            "version": 2
        },
        "418": {
            "file": "418",
            "version": 3
        },
        "419": {
            "file": "419",
            "version": 2
        },
        "420": {
            "file": "420",
            "version": 2
        },
        "421": {
            "file": "421",
            "version": 1
        },
        "422": {
            "file": "422",
            "version": 1
        },
        "423": {
            "file": "423",
            "version": 1
        },
        "424": {
            "file": "424",
            "version": 2
        },
        "425": {
            "file": "425",
            "version": 4
        },
        "426": {
            "file": "426",
            "version": 1
        },
        "427": {
            "file": "427",
            "version": 2
        },
        "428": {
            "file": "428",
            "version": 4
        },
        "429": {
            "file": "429",
            "version": 1
        },
        "430": {
            "file": "430",
            "version": 4
        },
        "431": {
            "file": "431",
            "version": 3
        },
        "432": {
            "file": "432",
            "version": 3
        },
        "433": {
            "file": "433",
            "version": 2
        },
        "434": {
            "file": "434",
            "version": 1
        },
        "435": {
            "file": "435",
            "version": 2
        },
        "436": {
            "file": "436",
            "version": 1
        },
        "437": {
            "file": "437",
            "version": 1
        },
        "438": {
            "file": "438",
            "version": 2
        },
        "439": {
            "file": "439",
            "version": 1
        },
        "440": {
            "file": "440",
            "version": 2
        },
        "441": {
            "file": "441",
            "version": 2
        },
        "442": {
            "file": "442",
            "version": 1
        },
        "443": {
            "file": "443",
            "version": 1
        },
        "444": {
            "file": "444",
            "version": 2
        },
        "445": {
            "file": "445",
            "version": 1
        },
        "446": {
            "file": "446",
            "version": 2
        },
        "447": {
            "file": "447",
            "version": 2
        },
        "448": {
            "file": "448",
            "version": 1
        },
        "449": {
            "file": "449.dat",
            "version": 1
        },
        "450": {
            "file": "450",
            "version": 1
        },
        "451": {
            "file": "451",
            "version": 2
        },
        "452": {
            "file": "452",
            "version": 1
        },
        "453": {
            "file": "453",
            "version": 1
        },
        "454": {
            "file": "454",
            "version": 1
        },
        "455": {
            "file": "455",
            "version": 1
        },
        "456": {
            "file": "456",
            "version": 1
        },
        "457": {
            "file": "457",
            "version": 1
        },
        "458": {
            "file": "458",
            "version": 1
        },
        "459": {
            "file": "459",
            "version": 2
        },
        "460": {
            "file": "460",
            "version": 1
        },
        "461": {
            "file": "461",
            "version": 1
        },
        "462": {
            "file": "462",
            "version": 1
        },
        "463": {
            "file": "463",
            "version": 1
        },
        "464": {
            "file": "464",
            "version": 2
        },
        "465": {
            "file": "465",
            "version": 2
        },
        "466": {
            "file": "466",
            "version": 1
        },
        "467": {
            "file": "467",
            "version": 1
        },
        "468": {
            "file": "468",
            "version": 2
        }
    }
}