{
    "indexId": 12,
    "name": "scripts",
    "fileCompression": "gzip",
    "fileExtension": ".dat",
    "format": 5,
    "version": 0,
    "settings": 1,
    "crc": -838855180,
    "sha256": "af843477a311045e6a12db949574508f859ba57995db35f39b705d2ed70fd7c1",
    "files": {
        "0": {
            "file": "1691811.dat",
            "realName": "1691811",
            "version": 1,
            "nameHash": 1691811,
            "crc": -33863077,
            "sha256": "b0e553ddb9bdfbae575b85e41563f617ae29c9a450e44b9b145a12f36b378c61"
        }
    }
}