{
    "indexId": 2,
    "name": "configs",
    "fileCompression": "bzip",
    "fileExtension": ".dat",
    "format": 5,
    "version": -1,
    "files": {
        "1": {
            "file": "1",
            "version": 8
        },
        "2": {
            "file": "2",
            "version": 8
        },
        "3": {
            "file": "3",
            "version": 2
        },
        "4": {
            "file": "4",
            "version": 5
        },
        "5": {
            "file": "5",
            "version": 23
        },
        "6": {
            "file": "6",
            "version": 188
        },
        "7": {
            "file": "7",
            "version": 9
        },
        "8": {
            "file": "8",
            "version": 29
        },
        "9": {
            "file": "9",
            "version": 146
        },
        "10": {
            "file": "10",
            "version": 130
        },
        "11": {
            "file": "11",
            "version": 14
        },
        "12": {
            "file": "12",
            "version": 129
        },
        "13": {
            "file": "13",
            "version": 36
        },
        "14": {
            "file": "14",
            "version": 56
        },
        "15": {
            "file": "15",
            "version": 9
        },
        "16": {
            "file": "16",
            "version": 36
        }
    }
}